,Minutes,Players
0,1,"Egbuna,Toby"
1,1,"Dalton,Spenser"
2,1,"Coker,Kanler"
3,1,"Williams,Kenny"
4,3,"Rafferty,Kevin"
5,2,"Lowe,Henry"
6,3,"Cole,C.J."
7,1,"Goss,Collin"
8,3,"Roland,Jordan"
9,1,"Goss,Collin"
10,1,"U'u,Parker"
11,1,"Perez,Ben"
12,1,"Williams,D'Erryl"
13,1,"Highsmith,Dontel"
14,1,"Rodriguez,Kaileb"
15,1,"Williams,Treshaad"
16,3,"Olujobi,Femi"
17,6,"Law,Aaron"
18,5,"Pfleuger,Rex"
19,2,"Ryan,Matt"
20,2,"Niego,Harrison"
21,1,"Priller,Tim"
22,1,"Tharp,Jackson"
23,1,"Maye,Luke"
24,1,"Dalton,Spenser"
25,1,"Coleman,Justin"
26,1,"Coker,Kanler"
27,1,"White,Stilman"
28,3,"Miller,Tavario"
29,1,"Robinson,Mike"
30,1,"Stowell,Chris"
31,1,"Lowe,Henry"
32,1,"Rafferty,Kevin"
33,5,"Law,Aaron"
34,1,"Castlin,Kyle"
35,1,"Swan,Anthony"
36,3,"Williams,Tiremone"
37,1,"Sinnickson,Dylan"
38,1,"Rodriguez,Kaileb"
39,1,"Botteri,Justin"
40,1,"Stivrins,Lucas"
41,1,"Gollon,James"
42,1,"Porter,Franklin"
43,1,"Joseph,Max"
44,1,"Roland,Jordan"
45,1,"Johnson,Brandon"
46,3,"Jenkins,Chris"
47,2,"Jorgenson,Travis"
48,1,"Odomes,Rashard"
49,2,"Baumann,Javon"
50,2,"Porter,Franklin"
51,2,"Friedman,Ted"
52,1,"Knar,Robert"
53,1,"Ellingson,Brady"
54,1,"Ukah,Okey"
55,1,"Soukup,Steven"
56,1,"Farrell,Patrick"
57,1,"Lowe,Henry"
58,1,"Rafferty,Kevin"
59,3,"Law,Aaron"
60,1,"Holmes Jr.,Kevin"
61,1,"Albert,Malik"
62,1,"Burns,Deondre"
63,2,"Ashton,Jordan"
64,1,"Carter,Simeon"
65,1,"Matthews,Charles"
66,2,"Palmer,James"
67,1,"Planek,Tom"
68,1,"Maye,Luke"
69,1,"Egbuna,Toby"
70,1,"Dalton,Spenser"
71,1,"White,Stilman"
72,1,"Williams,Kenny"
73,2,"Triano,Dustin"
74,2,"Eastman,Austin"
75,6,"Nolte,Evan"
76,1,"Wehrli,Bobby"
77,2,"Alston,Shawn"
78,10,"Brantley,Jaylen"
79,7,"Hollins,Justin"
80,1,"Barnes,Bray"
81,2,"McNeace,Jamuni"
82,1,"Odomes,Rashard"
83,3,"Kennedy,Thomas"
84,3,"Rielly,Patrick"
85,1,"Friedman,Ted"
86,3,"Brown,Anthony"
87,1,"Aparicio,Juan"
88,2,"Zilli,Giacomo"
89,2,"Rafferty,Kevin"
90,2,"Romeo,Richard"
91,2,"Smith,Sterling"
92,1,"Coker,Kevin"
93,1,"Bergen,Alex"
94,1,"Stainbrook,Tim"
95,5,"Ghani,Khaliq"
96,6,"Brent,Javeres"
97,2,"Stancil,Troy"
98,1,"White,Jackson"
99,3,"Burton,Ryan"
100,1,"Niego,Harrison"
101,2,"Budrys,Domas"
102,2,"Young,Clay"
103,1,"Nyama,Roland"
104,1,"Floreal,E.J."
105,1,"David,Jonny"
106,1,"Rakicevic,Nikola"
107,1,"Mahoney,Dolan"
108,1,"White,Stilman"
109,1,"Maye,Luke"
110,1,"Egbuna,Toby"
111,1,"Dalton,Spenser"
112,1,"Coleman,Justin"
113,1,"Beach,Jack"
114,1,"Alberts,Bryan"
115,1,"Dowdy Jr.,Michael"
116,1,"Anderson,Braeden"
117,1,"Fazekas,Ryan"
118,4,"Madison,Tyler"
119,1,"Love,Lionel"
120,1,"Guinn,Davin"
121,1,"Aytes,Jamal"
122,1,"Shaw,Braiden"
123,4,"Toriola,Moses"
124,2,"Keenan,Ryan"
125,1,"King,Scott"
126,1,"Hill,Matt"
127,1,"Smith,Steve"
128,2,"Bunting,Jesse"
129,7,"Knowles,Danrad"
130,1,"Dupree,Xavier"
131,1,"VanBeck,Wes"
132,1,"Rowland,Rand"
133,1,"Bloom,David"
134,1,"Pillari,Daniel"
135,2,"Rodriguez,Kaileb"
136,1,"Anderson,Juwan"
137,6,"Shustov,Vlad"
138,1,"Patterson,Trey"
139,3,"Idris,Teslim"
140,7,"Spurgeon,Jake"
141,4,"Clair,Manroop"
142,1,"Liggeons,Devin"
143,3,"Tyson,Jordan"
144,3,"Rayner,Khyan"
145,3,"Law,Aaron"
146,1,"Schaffer,Lawson"
147,1,"Stewart,Marlon"
148,2,"Taylor,Roderick"
149,3,"Odum,Karlos"
150,2,"Dauda,Ismaila"
151,1,"Driscoll,Chase"
152,1,"Gonzalez,Stefan"
153,1,"Poulter,Andrew"
154,9,"Fisher,Evan"
155,2,"Gooding,Dexter"
156,1,"Wamukota,Bush"
157,3,"Justice,Camron"
158,1,"Ljeskovic,Uros"
159,3,"Love,Marcus"
160,8,"Ruttley,Jermaine"
161,1,"McDowell,Jake"
162,1,"Scott,Dante"
163,1,"Noyes,Mike"
164,1,"Foxen,Christian"
165,1,"Hawkins,Dominique"
166,1,"Clover,Chris"
167,1,"Casper,Brendan"
168,4,"Kadiri,David"
169,1,"Baumann,Javon"
170,1,"Stancil,Troy"
171,1,"Floreal,E.J."
172,3,"Brantley,Jaylen"
173,2,"Richmond,Phil"
174,1,"Bittner,Sam"
175,3,"Juricek,Viktor"
176,1,"Shortess,Henry"
177,1,"Distefano,T.J."
178,1,"Byers,Frank"
179,1,"Aparicio,Juan"
180,2,"Nzei,Michael"
181,1,"Williams,Matt"
182,3,"Burston,Torey"
183,2,"Miller,Sam"
184,2,"Bittner,Sam"
185,2,"Oliver,T.J."
186,2,"Nkali,Bertrand"
187,1,"Davis,Bennett"
188,2,"Stancil,Troy"
189,2,"Schaffer,Lawson"
190,3,"Matthews,Charles"
191,1,"Floreal,E.J."
192,2,"Epps,Devin"
193,2,"Marlin,Matt"
194,1,"Broussard,Jacob"
195,3,"Bridgewater,Brian"
196,3,"Hammond,Jake"
197,1,"Ram,Varun"
198,1,"Cekovsky,Michal"
199,2,"Mijovic,Milan"
200,3,"Torres,Austin"
201,1,"Dalton,Spenser"
202,4,"Jordan,Aaron"
203,2,"Austin,Alex"
204,1,"Liss,Cameron"
205,3,"Hart,Matt"
206,3,"Baumann,Javon"
207,1,"Jackson II,William"
208,3,"Martinez,Cole"
209,1,"Evans,Austin"
210,1,"Miller,Rayshawn"
211,1,"Brooks,Doug"
212,1,"Hunter,Marlon"
213,1,"Love,Lionel"
214,3,"Idris,Teslim"
215,2,"Felder,Isaiah"
216,1,"Friend,Devon"
217,8,"Okoroh,Kingsley"
218,1,"Saprykinas,Haroldas"
219,1,"Troutt,Grant"
220,2,"Lewis,O.J."
221,4,"Michelsen,Oskar"
222,2,"Williams,Matt"
223,1,"Giamoukis,Manu"
224,1,"Faines,Kamau"
225,2,"Francis-Ramirez,Brandone"
226,4,"Moran,John"
227,3,"Watson,Paul"
228,1,"West,D'Angelo"
229,1,"Enos,Dyrbe"
230,6,"Wagner,Ahmad"
231,3,"Taylor,Kenneth"
232,1,"Thomas,Jonathan"
233,1,"Schoen,Mason"
234,1,"Manning,Evan"
235,1,"Young,Clay"
236,3,"Gomez,Primitivo"
237,4,"Vassor,Stephen"
238,1,"Phillips,Joshua"
239,1,"Jackson,Trevis"
240,1,"Boehning,Bryden"
241,3,"Kuiper,Dane"
242,1,"Dalton,Spenser"
243,1,"Coleman,Justin"
244,1,"White,Stilman"
245,4,"Laster,Mike"
246,1,"McDonald,Jaylin"
247,1,"Frayer,Sam"
248,1,"Crabtree,Drew"
249,4,"James,Christian"
250,2,"Davis,Jackson"
251,2,"Edwards,Drew"
252,3,"Harrell,Ronnie"
253,1,"Smith,Joseff"
254,1,"Andrews,Rashad"
255,1,"Smith,Patrick"
256,1,"Pierre-Louis,Thomas"
257,1,"Williams,Riyan"
258,1,"Jorgenson,Travis"
259,1,"Reuter,Jarred"
260,1,"Jones,Jeff"
261,1,"Anim,Sacar"
262,3,"Franks,Robert"
263,2,"Stalzer,Eli"
264,1,"Lombard,Mitch"
265,1,"Lewis,O.J."
266,1,"Dolins,Cory"
267,1,"Barry,Oumar"
268,5,"Mitchell,Akim"
269,3,"Zignorski,Matt"
270,3,"Banner,Devonte"
271,2,"Vassor,Stephen"
272,1,"Shaw,Martin"
273,3,"Smith,Sterling"
274,1,"Avery,Travis"
275,3,"Ali,Prince"
276,1,"Marquetti,Malik"
277,1,"Jackson,Zachary"
278,3,"Dry,Dalton"
279,2,"Jackson,Jordan"
280,1,"Saxton,Michael"
281,1,"Hanson,Josh"
282,1,"Bowman,Greg"
283,13,"Cox,Austin"
284,3,"Reid,Kyle"
285,2,"Jackson,Trevis"
286,4,"Madison,Ausar"
287,4,"Mangham,Solomon"
288,4,"Ellison,Oliver"
289,1,"VanHorn,Trent"
290,2,"Gonzalez,Stefan"
291,5,"Ishola,Brian"
292,1,"Devine,Connor"
293,1,"Ernsthausen,Parker"
294,11,"Brownlee,Lucian"
295,7,"Armstrong,Derek"
296,2,"Doby,Khary"
297,1,"Reese,Nick"
298,6,"Dorsey-Walker,Sherron"
299,2,"Keenan,Ryan"
300,1,"Porter,Franklin"
301,1,"Biebel,Jack"
302,1,"Fay,Jake"
303,1,"Plousis,Mark"
304,1,"Kennedy,Thomas"
305,1,"Benzan,Pat"
306,1,"Mumin,Djordjije"
307,3,"McDowell,Jake"
308,1,"Bryant,Grant"
309,4,"Tucker,Rayjon"
310,1,"Sinn,Grant"
311,2,"Paquin,Alex"
312,1,"Pillari,Daniel"
313,4,"Sherwood,Dylan"
314,3,"Hammond,Jake"
315,2,"Bryant,Trae"
316,1,"Pickett,Adam"
317,2,"Juricek,Viktor"
318,4,"Ocwieja,Jack"
319,1,"Onwudiegwu,Malachy"
320,3,"O'Boyle,Matt"
321,2,"Gregory,Jamall"
322,3,"Routt,Logan"
323,1,"Heard,John"
324,1,"McGillan,Riley"
325,1,"Davis,Lyles"
326,3,"Anim,Sacar"
327,2,"Pettus,Trey"
328,2,"Bennett,Steven"
329,1,"Geyen,Darryl"
330,4,"Smith,Brandon"
331,1,"Christensson,Albert"
332,2,"Hunt,Gentry"
333,1,"Forbes,Jackson"
334,1,"LeBlanc,Mike"
335,1,"Stones,Michael"
336,1,"Williams,Matt"
337,3,"Crosby,John"
338,4,"Nzei,Michael"
339,3,"Gibson,Ty"
340,3,"Ferris,Will"
341,1,"Canty,Ryan"
342,2,"Jean,Jonathan"
343,1,"Hallinan,Xavier"
344,2,"Beach,Jack"
345,1,"Bakamus,Rem"
346,2,"Hamilton,Tyler"
347,2,"McManus,Collin"
348,1,"Dragovic,Balsa"
349,1,"Yoshor,Zach"
350,1,"Gooding,Dexter"
351,1,"Whitehead,Jordan"
352,2,"Mayot,Duol"
353,2,"Sparks,Austin"
354,2,"Mulder,Mychal"
355,2,"Matthews,Charles"
356,5,"Jones,Branford"
357,4,"Marlin,Matt"
358,1,"Plaisance,Scott"
359,1,"Bell,David"
360,1,"Bess,Javon"
361,1,"Van Dyk,Matt"
362,1,"Ahrens,Kyle"
363,5,"Johnson,Todd"
364,3,"Bryant,Jared"
365,2,"Rosenwinkel,Matt"
366,1,"Prahl,Alex"
367,1,"Studer,Dan"
368,1,"Tyler,Scotty"
369,1,"Blackstock,Cole"
370,1,"Walker,Jonathan"
371,1,"Holmes,Carter"
372,1,"Poole,Will"
373,2,"Avery,Travis"
374,1,"Mbodj,Lamine"
375,1,"Jiles,Matthew"
376,2,"Reid,Malcom"
377,1,"Batie,Khalil"
378,3,"Spiers,Joshua"
379,5,"Landale,Jock"
380,1,"Smith,JaQuan"
381,2,"Clark,Darion"
382,2,"Chambers,Tyree"
383,1,"Campbell,Lucas"
384,1,"Woodson,Brad"
385,7,"Variste,Jalen"
386,2,"London,Malik"
387,2,"Cressler,Nolan"
388,1,"Ariri,Aaron"
389,1,"Scruggs,Terrell"
390,2,"Mbachu,Victor"
391,1,"Epps,Devin"
392,1,"Evans,Austin"
393,1,"Ulvydas,Rokas"
394,5,"Bittner,Sam"
395,1,"Moore,Grayson"
396,1,"Mourning,Trey"
397,1,"Farrell,Patrick"
398,1,"Lowe,Henry"
399,1,"Rafferty,Kevin"
400,1,"Reuter,Jarred"
401,1,"Salt,Jack"
402,1,"Jones,Jeff"
403,2,"Stowell,Chris"
404,1,"Donlon,Greg"
405,1,"Galloway,Matt"
406,1,"Luckett,Leantwan"
407,1,"Sadlon,Hunter"
408,1,"Hill,Mitch"
409,2,"Busuttil,Brandon"
410,3,"Fox,Matt"
411,5,"Klein,Jared"
412,5,"McComber,Chris"
413,3,"Davis,CJ"
414,3,"Edwards,AJ"
415,3,"Kundrotas,Karolis"
416,1,"Luther,Collin"
417,1,"Young,Aaron"
418,3,"Chatfield,Andre"
419,1,"Burge,Al"
420,1,"Westrop,Saren"
421,1,"Nwokeabia,Benjamin"
422,1,"Bessick,Taylor"
423,3,"Hayes,Matt"
424,1,"Spiers,Joshua"
425,2,"Vucica,Jere"
426,1,"Pillari,Daniel"
427,7,"Hiepler,Ryan"
428,1,"Atencia,Hansel"
429,4,"Wells,Nate"
430,2,"Burton,Joe"
431,1,"Bitting,Ty'Quan"
432,1,"Rogers,Nick"
433,1,"Sadlon,Hunter"
434,1,"Turnage,Xavion"
435,2,"O'Field,Maurice"
436,2,"Chambers,Kamali"
437,1,"Milligan,Boo"
438,2,"Gibson,Ty"
439,1,"Love,Lionel"
440,4,"Douglas,Michael"
441,1,"Perrin,Casey"
442,4,"Romich,Drew"
443,1,"Smith,Charles"
444,1,"Belton,Isaac"
445,2,"Auslander,Kent"
446,1,"Allen,Nate"
447,1,"Jones,Martin"
448,1,"Driscoll,Chase"
449,1,"Poole,Will"
450,1,"Cambre,Cody"
451,1,"Zemgulis,Deividas"
452,3,"Twombly,Brady"
453,2,"Gonzalez,Kyle"
454,1,"Lydon,Chris"
455,1,"Sunahara,Rex"
456,1,"Temkin,Rory"
457,1,"Fortin,Marc Andre"
458,2,"Spicer,Johnathan"
459,4,"Wilridge,E'Torrion"
460,4,"Stroman,Marcus"
461,1,"Martin,Jeremiah"
462,2,"Aflakpui,Ernest"
463,1,"Ottman,Damion"
464,1,"Julien,Courtney"
465,1,"Dalton,Keifer"
466,2,"Davis,Jackson"
467,2,"Henderson,Malcolm"
468,2,"Oliver,T.J."
469,1,"Haus,David"
470,1,"Foschia,Nick"
471,1,"Rhoden,Dondre"
472,1,"Campbell,Ountae"
473,1,"Shell,Grant"
474,3,"Moesch,Aaron"
475,1,"Schlundt,T.J."
476,1,"Lukashewich,Mike"
477,6,"Schurman,John"
478,1,"McNamara,Pat"
479,4,"Burgett,Austin"
480,1,"Geben,Martinas"
481,1,"Obasohan,Justice"
482,1,"Bost,Drew"
483,1,"Robbins,Peyton"
484,1,"David,Justin"
485,1,"Gavrilovic,Strahinja"
486,1,"Grace,Ben"
487,9,"Mitchell,Kameron"
488,7,"Thrower,Deshaun"
489,1,"Budrys,Domas"
490,2,"Henderson,Markell"
491,1,"Hansbrough,Tre"
492,1,"Ward,C.J."
493,2,"Urso,David"
494,1,"Sinnickson,Dylan"
495,6,"Frederick,Andre"
496,1,"Bowman,Greg"
497,3,"Ulvydas,Rokas"
498,1,"Norman,Dane"
499,1,"Taylor,Doug"
500,4,"Pierre,Josh"
501,2,"Walker,Jonathan"
502,2,"Allison,Zach"
503,1,"Blackstock,Cole"
504,5,"Rakicevic,Nikola"
505,4,"Smith,Josh"
506,3,"Matthews,Charles"
507,2,"Rudy,Michael"
508,3,"Goss,Collin"
509,1,"Jones,Marvin"
510,1,"Avery,Jalen"
511,1,"Benzan,Pat"
512,2,"Tuohy Jr.,Sean"
513,2,"Cohen III,Sandy"
514,3,"Musters,Nathaniel"
515,1,"Eifert,Grady"
516,1,"Toyra,Stephen"
517,4,"McVeigh,Jack"
518,2,"Perez,Ben"
519,1,"Edwards,Blake"
520,1,"Odum,Karlos"
521,1,"Maston,Terry"
522,3,"Gonzalez,Stefan"
523,1,"McCrea,Maljhum"
524,1,"Austin,Courtney"
525,1,"McGloin,Phillip"
526,2,"Phillips,Develle"
527,2,"Hanel,Joe"
528,2,"Farrell,Patrick"
529,2,"Reese,Nick"
530,2,"Doby,Khary"
531,9,"Sanders,John"
532,2,"Whitfield,Dwain"
533,6,"Williams,Kyle"
534,1,"Hortum,Ugur"
535,1,"McElroy,Codey"
536,1,"Carter,Simeon"
537,3,"Cox,Austin"
538,1,"Peebles-Jennings,Justin"
539,1,"Dalton,Spenser"
540,2,"Felder,Isaiah"
541,2,"Baxter,Jason"
542,1,"Jordan,Brandon"
543,4,"Welcome,Ta'Jon"
544,2,"Walker,Bailey"
545,3,"Diallo,Cheick"
546,2,"Manning,Evan"
547,1,"Smith,Joseff"
548,1,"Joseph,Max"
549,2,"Hines,Ryden"
550,3,"Marshall,Nick"
551,1,"Rongstad,Derek"
552,3,"Jackson,Kimani"
553,4,"Bento,James"
554,1,"Stangel,Justin"
555,1,"Rakocevic,Gligorije"
556,1,"Nelson-Ododa,Alonzo"
557,1,"Maloney,Matt"
558,1,"Clover,Chris"
559,1,"Tarca,Greg"
560,2,"Gottfried,Cameron"
561,1,"Cunningham,Nick"
562,1,"Nelson,David"
563,3,"O'Brien,Grant"
564,2,"Avery,Travis"
565,1,"Nichols,David"
566,1,"Smith,TyQuayion"
567,3,"Hill,Maurius"
568,1,"Billings,Stetson"
569,3,"Rollo,Travis"
570,5,"Emezie,John"
571,1,"Brown,Blake"
572,5,"Hood,Enoch"
573,2,"Melmed,Garvey"
574,8,"Heath,Josh"
575,1,"Kennedy,Thomas"
576,1,"Perkins,Marcellis"
577,1,"Rielly,Patrick"
578,4,"Estelle,Jevon"
579,3,"Magee,Dominic"
580,1,"Hart,Alex"
581,1,"Walters,Sam"
582,4,"Smith,Brandon"
583,2,"Saprykinas,Haroldas"
584,1,"Poole,Freddy"
585,1,"Hill,Mitch"
586,1,"Sadlon,Hunter"
587,2,"Bowles,Eric"
588,3,"Ernsthausen,Parker"
589,10,"Rogers,Jeron"
590,1,"Janssen,Jonothan"
591,1,"Brewer,Wes"
592,4,"McRoy,Curtis"
593,1,"Adgei,Pernell"
594,3,"Gresham Jr.,Donnell"
595,2,"Fraser-Pauls,Chandler"
596,13,"Williams,Austin"
597,1,"Moran,John"
598,1,"Lufile,Abednego"
599,7,"Warren,Trey"
600,5,"Farrell,Matt"
601,2,"Burston,Torey"
602,4,"Fowler,Nate"
603,2,"Coddington,Jake"
604,4,"Babic,Jake"
605,1,"Cagle,Carter"
606,1,"Jones,Jalen"
607,1,"Filipovich,Niko"
608,4,"Bosha,Zjori"
609,3,"Cooper,Davante"
610,1,"Prusator,Grant"
611,1,"Freeman,Ron"
612,1,"Schoen,Mason"
613,1,"Carter,Simeon"
614,1,"Nezlek,Stuart"
615,1,"Thomas,Jonathan"
616,7,"Tot,Oliver"
617,2,"Jackson,Jordan"
618,1,"Tate,Myles"
619,1,"Rufer,Zach"
620,2,"Kostur,Bosko"
621,4,"Smith,Amir"
622,1,"Brown,Harrison"
623,1,"Xu,Oliver"
624,1,"Walker,Luke"
625,1,"Spiers,Joshua"
626,2,"Potier,Lance"
627,2,"Dobbins,Kyle"
628,2,"Wolf,Adam"
629,1,"Leach,Grant"
630,4,"Lee,Richard"
631,1,"Joyce,Cody"
632,3,"Ellison III,Lionel"
633,3,"Hickson,Kevin"
634,1,"Powell,Nick"
635,2,"Hall,Charlie"
636,14,"Laster,Mike"
637,1,"Ibaka,Igor"
638,8,"Ringholt,James"
639,2,"Scruggs,Terrell"
640,1,"Massie,Kyle"
641,2,"Dolins,Cory"
642,1,"Molinari,David"
643,1,"Curington,R.J."
644,1,"Barry,Oumar"
645,1,"Planek,Tom"
646,1,"Woodring,Casey"
647,1,"Brantley,Jaylen"
648,4,"Cline,Ryan"
649,3,"Olesinski,Alex"
650,7,"Walker,Cameron"
651,3,"Sheffield,Marcus"
652,1,"Petras,Jakub"
653,4,"Kouassi,Willy"
654,1,"Mills,Austin"
655,2,"Stewart,Austin"
656,4,"Ariri,Aaron"
657,1,"Simon,Justin"
658,1,"Floreal,E.J."
659,1,"David,Jonny"
660,3,"Toye,Joe"
661,1,"Josephs,Carter"
662,1,"McGloin,Phillip"
663,1,"Henderson,Josh"
664,1,"Sehic,Samir"
665,1,"James,Joel"
666,1,"Nolte,Evan"
667,2,"Bradshaw,Riley"
668,3,"Sparks,Austin"
669,1,"Mayot,Duol"
670,1,"Hamilton,Eric"
671,1,"Nurger,Rauno"
672,6,"Frantz,Brett"
673,4,"Mayleben,Garrett"
674,2,"Noble,Mark"
675,2,"Mischler,Robert"
676,1,"Fleming,Desmond"
677,2,"McComber,Chris"
678,2,"Davis,CJ"
679,2,"Rayner,Khyan"
680,1,"Young,Aaron"
681,1,"Edwards,AJ"
682,1,"Anderson,Eric"
683,3,"Austin,Courtney"
684,1,"Burns,Deondre"
685,2,"Russell,Colin"
686,1,"Allen,Noah"
687,1,"Massie,Kyle"
688,2,"Giesler,Jake"
689,3,"Holley,Nigel"
690,2,"Brewer,Wes"
691,2,"Kerley,Kevin"
692,5,"Pickett,Adam"
693,1,"Burton,Ryan"
694,3,"Parke,Daniel"
695,1,"Smith,Charles"
696,1,"Fuller,Khalil"
697,3,"Meyer,Daniel"
698,2,"Atencia,Hansel"
699,2,"Zilli,Giacomo"
700,1,"Cannon,John"
701,3,"Begley,Devon"
702,1,"Caldwell,Tevin"
703,1,"Shaw,Martin"
704,1,"Vassor,Stephen"
705,2,"Bedart-Ghani,Khalil"
706,1,"Soffer,Dalton"
707,2,"Ukawuba,Rob"
708,7,"Izevbuwa,Osa"
709,1,"Walsh,Reilly"
710,1,"Bryant,Tre'"
711,1,"Dhillon,Samer"
712,1,"Romich,Drew"
713,1,"Harrison,James"
714,5,"Henderson,Markell"
715,1,"Wrencher,Patrick"
716,1,"Brittingham,Bruce"
717,3,"Batish,Jamie"
718,2,"Morgan,Jalen"
719,3,"Jackson II,William"
720,1,"Rivers,Spencer"
721,1,"Davis,Jay Jay"
722,3,"Amiel,Francisco"
723,2,"Leek,Deng"
724,1,"Schurman,John"
725,2,"Miller,Rayshawn"
726,4,"Ash,Jordan"
727,1,"Van Zegeren,Joey"
728,2,"Thompson,Robin"
729,2,"Peebles-Jennings,Justin"
730,1,"Rodriguez,Kaileb"
731,2,"Dillard,Davon"
732,1,"Ibaka,Igor"
733,3,"Cole,C.J."
734,1,"Mankin,Austin"
735,1,"Alade,Bola"
736,1,"Heller,Max"
737,1,"Noebel,Charlie"
738,1,"Sorkin,Roman"
739,3,"Henderson,Jay"
740,2,"Swan,Anthony"
741,2,"Avery,Travis"
742,1,"Steel,Josh"
743,3,"Aja,Kanu"
744,2,"Sinnickson,Dylan"
745,1,"Bridgewater,Brian"
746,2,"Lindsey,Jake"
747,5,"Starr,Austin"
748,1,"Galloway,Matt"
749,1,"Gehan,Gordon"
750,1,"Perpiglia,Steve"
751,2,"Brown,Harris"
752,1,"Vucetic,Sergej"
753,1,"Howard,David"
754,1,"McBride,D'Angelo"
755,3,"Pauga,Austin"
756,5,"Jacobs,Tim"
757,1,"Martin,Jordan"
758,1,"Perry,Trent"
759,1,"Price,Jodan"
760,7,"Glenn,Montae"
761,2,"Clark,Christian"
762,3,"Maloney,Matt"
763,1,"Lawrence-Ricks,Phillip"
764,1,"Daugherty,Kyle"
765,1,"Clyburn,Courtney"
766,6,"Jackson,Aaron"
767,7,"Sharp,Stephon"
768,1,"Haugh,Darin"
769,1,"Coddington,Jake"
770,8,"Bess,Javon"
771,1,"Wills,Javonte"
772,1,"Tripp,Isaiah"
773,2,"Ulvydas,Rokas"
774,2,"Wells,Nate"
775,1,"Watson,Devontae"
776,1,"Wood,Nick"
777,3,"Green,Rashawn"
778,1,"Spicer,Johnathan"
779,4,"Milligan,Boo"
780,3,"Palmer,James"
781,4,"Strollo,Ryan"
782,4,"Owona,Mike"
783,1,"Bremers,Arturs"
784,1,"Redmond,Jamar"
785,1,"LaRose,Kinnon"
786,6,"Azzinaro,John"
787,2,"Staubi,Matt"
788,5,"Rivera,Lonnie"
789,4,"Alston,Shawn"
790,5,"Nurger,Rauno"
791,3,"Bush,Zach"
792,7,"Orender,Jacob"
793,3,"Pirovic,Marko"
794,1,"Melmed,Garvey"
795,4,"Dawkins,Aubrey"
796,5,"Sparks,Austin"
797,4,"Marquetti,Malik"
798,2,"Gavrilovic,Strahinja"
799,3,"Foster,Charles"
800,2,"Gehan,Gordon"
801,2,"Prendergast,Stephen"
802,2,"Welle,Cole"
803,1,"Moesch,Aaron"
804,2,"Ariri,Aaron"
805,1,"Henderson,Markell"
806,2,"Henderson,Troy"
807,1,"Scocca,Andrew"
808,1,"Saprykinas,Haroldas"
809,1,"Printup,Rogers"
810,2,"McClenaghan,Connor"
811,1,"Daugherty,Kyle"
812,1,"Weir,Adam"
813,2,"Toppin,Malik"
814,4,"Enoch,Steven"
815,3,"Moore,Quadri"
816,4,"White,Brian"
817,3,"McDonnell,Brandon"
818,1,"Harrison,Cole"
819,1,"Voss,Conor"
820,1,"Phillips,Develle"
821,2,"Rogers,Nick"
822,1,"Alvano,Ethan"
823,1,"Brown,Blake"
824,1,"Mickle,Kevin"
825,1,"Middleton,John"
826,1,"Laster,Daniel"
827,1,"Stainbrook,Tim"
828,2,"Altheimer,Velerio"
829,1,"Brown,Avery"
830,1,"Brown,Anthony"
831,5,"Felder,Isaiah"
832,1,"Speller,Patrick"
833,1,"Shreiner,Lyrik"
834,1,"Pirog,Zach"
835,1,"Lochner,Curtis"
836,9,"Morgan,Devontae"
837,2,"Risse,Matt"
838,1,"Rifkind,Alex"
839,7,"McCarthy,Matthew"
840,1,"Vassor,Stephen"
841,4,"Schwietz,Sam"
842,3,"Holley,Nigel"
843,1,"Washington,Dewayne"
844,3,"DeJong,Gavin"
845,3,"Bradshaw,Riley"
846,1,"Crawford II,Kevin"
847,1,"McAllister,Marius"
848,1,"Allen,Nate"
849,4,"Barton,Chris"
850,1,"Egbuna,Toby"
851,2,"White-Pittman,Greg"
852,2,"Friedman,Ted"
853,2,"Rakocevic,Gligorije"
854,1,"Noebel,Charlie"
855,1,"Greene,Matt"
856,1,"Lewis,Jamal"
857,1,"Simmons,Shawn"
858,3,"LeBlanc,Mike"
859,2,"Washington Jr.,Mike"
860,2,"Xu,Oliver"
861,1,"Smith,Amir"
862,1,"Nurse,Joshua"
863,3,"Stephens,Conrad"
864,1,"Foster,Devin"
865,3,"Gregory,Jamall"
866,3,"Denny,Talbott"
867,2,"Martinez,Javier"
868,1,"McGuire,Elijah"
869,2,"Stalzer,Eli"
870,3,"Allen,Noah"
871,1,"Fowler,Nate"
872,1,"Bennett,Steven"
873,1,"Watkins,Brandon"
874,7,"Zilli,Giacomo"
875,2,"Pauga,Austin"
876,1,"Chatfield,Andre"
877,1,"Fleming,Desmond"
878,1,"McGuire,Markese"
879,1,"Harris,Darian"
880,1,"LaRose,Kinnon"
881,1,"Gottfried,Cameron"
882,1,"Cumberland,Jaevin"
883,1,"Hill-Mais,Xavier"
884,3,"Johnson,Julius"
885,1,"Toe,Terrill"
886,3,"Filipovich,Niko"
887,1,"Weethee,Will"
888,5,"Nolan,Phillip"
889,3,"Eberhardt,Sheldon"
890,6,"Liggeons,Devin"
891,4,"Duvall,Asa"
892,6,"Johnson,Wesley"
893,2,"Aholode,Herve"
894,1,"Billings,Stetson"
895,4,"Ivory,Josh"
896,1,"Wright-Foreman,Justin"
897,1,"Severyn,Lane"
898,1,"Mulder,Mychal"
899,1,"David,Jonny"
900,4,"Nairn Jr,Lourawls"
901,2,"McClenaghan,Connor"
902,2,"Driscoll,Chase"
903,4,"Grennan,Sean"
904,1,"Jackson,Rashad"
905,2,"Mpawe,Paulin"
906,2,"Ndaiye,Mamadou"
907,3,"Gibson,Ty"
908,1,"Alcindor,Marlon"
909,1,"Rockafeler,Miles"
910,3,"Wallace,Daniel"
911,1,"Harris,Julian"
912,5,"Touchet,Trey"
913,3,"Ramlal,Kendall"
914,2,"Carr,Alex"
915,1,"Glover,Jamison"
916,1,"Rowley,Paul"
917,2,"Holmes Jr.,Kevin"
918,1,"Petras,Jakub"
919,1,"Thrower,Deshaun"
920,5,"Tolksdorf,Leon"
921,2,"Harris,Tyler"
922,2,"Witherill,Austin"
923,2,"Cruz,Paulo"
924,4,"Waddell,Devin"
925,2,"Walker,Jonathan"
926,2,"Ray,Shawn"
927,1,"Evelyn,Bakari"
928,1,"Burton,Ryan"
929,1,"Allbery,Alex"
930,1,"Hubler,John"
931,5,"Kaputo,Nelson"
932,2,"Austin,Brandon"
933,3,"Friedman,Ted"
934,1,"Izundu,Ebuka"
935,2,"Glover,John Ross"
936,3,"James,Joel"
937,1,"Zemgulis,Deividas"
938,1,"Lloyd,Sean"
939,1,"Robbins,Mike"
940,1,"VanBeck,Wes"
941,4,"Jackson,Kimani"
942,2,"Clement,Tyler"
943,1,"Albert,Malik"
944,1,"Stewart,Marlon"
945,1,"Fowler,Nate"
946,1,"Pettus,Trey"
947,1,"Bennett,Steven"
948,3,"Doby,Anfernee"
949,1,"Redman,Corey"
950,2,"Davidson,Nick"
951,2,"Levingston Simon,Chandler"
952,4,"Bryant,Grant"
953,3,"Tate,Jaylon"
954,5,"Barton,Jimmy"
955,1,"DeHaan,Jay"
956,1,"Gillis,Brennan"
957,3,"Brown,Blake"
958,1,"McDonald,Jaylin"
959,4,"Dakich,Andrew"
960,2,"Ash,Jordan"
961,1,"Dobbins,Kyle"
962,1,"Aparicio,Juan"
963,2,"Sprinkle,J'Breun"
964,2,"Johnson,Coleman"
965,1,"Oakley,Devon"
966,1,"Westrop,Saren"
967,1,"Ibaka,Igor"
968,2,"Self,Tyler"
969,10,"Akilo,Samson"
970,6,"Severado,Nick"
971,1,"Taylor,Kenneth"
972,1,"Thomas,Jonathan"
973,5,"Wilson,Nolan"
974,7,"Whitfield,Dwain"
975,18,"Williams,Kyle"
976,1,"Kirven,Caid"
977,1,"Bush,Zach"
978,1,"Stacey,Trey"
979,1,"Collie,Daniel"
980,2,"Gavrilovic,Strahinja"
981,1,"Smith,Jerrold"
982,3,"Harris,Tyler"
983,3,"Witherill,Austin"
984,2,"Sanders,Nayke"
985,1,"Thompson,Javaka"
986,1,"Roy,Greg"
987,1,"Van Dyk,Matt"
988,1,"Ahrens,Kyle"
989,1,"White,Stilman"
990,4,"Alston,Shawn"
991,3,"Weir,Dougal"
992,3,"Duncan,Everett"
993,6,"Edwards,Adrian"
994,3,"Katumbusi II,Rahamanh"
995,2,"Martinez,Javier"
996,2,"Marshall,Morris"
997,2,"Toe,Terrill"
998,2,"Levene,Dennis"
999,1,"Fowler,Nate"
1000,1,"Domingo,Stephen"
1001,1,"Douglas,Zacarry"
1002,2,"Boezeman,Robert"
1003,3,"Wells,Nate"
1004,5,"Aja,Kanu"
1005,3,"Bargmann,Andrew"
1006,3,"Stalzer,Eli"
1007,2,"Rayner,Khyan"
1008,4,"Sica,John"
1009,1,"Little,Saleem"
1010,3,"Davis,Joel"
1011,2,"Massey,Jason"
1012,1,"Ljuboja,Miki"
1013,4,"Fleming,Michael"
1014,2,"Smith,Guilien"
1015,1,"Payne,Quinten"
1016,1,"Walker,Andre"
1017,1,"McRoy,Curtis"
1018,2,"Rongstad,Derek"
1019,1,"Robinson Jr.,Patrick"
1020,1,"Jeter,Chase"
1021,1,"Lufile,Abednego"
1022,5,"Kundrotas,Karolis"
1023,3,"Eberhardt,Sheldon"
1024,1,"Rhoden,Dondre"
1025,3,"Ringholt,James"
1026,7,"Douglas,Michael"
1027,5,"Moore,Tyre"
1028,1,"Langan,Gene"
1029,2,"Dixon,Danny"
1030,1,"Stepteau,Brocke"
1031,1,"Enos,Dyrbe"
1032,1,"Cornelissen,Jakob"
1033,1,"James,K.J."
1034,1,"Dupree,Xavier"
1035,4,"Jackson,Trevis"
1036,1,"Ugbaja,Jiday"
1037,2,"LaRose,Kinnon"
1038,1,"Cunningham,Nick"
1039,2,"Austin,Demontrez"
1040,3,"Chambers,Kamali"
1041,2,"Provo,Nevell"
1042,3,"Harrell,Ronnie"
1043,2,"Clement,Tyler"
1044,1,"Ram,Varun"
1045,4,"Wagner,Moritz"
1046,4,"Wilridge,E'Torrion"
1047,3,"Elmore,Ot"
1048,2,"Ikuenobe,Christopher"
1049,5,"Twombly,Brady"
1050,2,"Manning,Chris"
1051,2,"Gilmore,Terron"
1052,2,"Laws,Malcolm"
1053,1,"Ishola,Brian"
1054,1,"Campbell,Ountae"
1055,2,"Cvjeticanin,Filip"
1056,4,"Kirk,Shaun"
1057,1,"Powell,Nick"
1058,3,"Myles,Tyshawn"
1059,3,"Ford,Sajon"
1060,2,"Gresham Jr.,Donnell"
1061,3,"Tate,Jaylon"
1062,1,"Vassor,Stephen"
1063,3,"Morgan,Jalen"
1064,2,"Batish,Jamie"
1065,1,"Altheimer,Velerio"
1066,1,"Lewis,O.J."
1067,2,"Thompson,Kyle"
1068,2,"Lodge,Markell"
1069,1,"Vega,Christian"
1070,4,"Sands,Andre"
1071,3,"Louder,Pervis"
1072,3,"Burnell,Jason"
1073,3,"Romich,Drew"
1074,1,"Doyle,Logan"
1075,2,"Nelson,Marquis"
1076,6,"Tillman,David"
1077,1,"Leek,Deng"
1078,2,"Gamble,Karl"
1079,1,"Swan,Anthony"
1080,4,"Oddo,Brian"
1081,1,"Tot,Oliver"
1082,3,"Thomas,Alex"
1083,5,"Marshall,Nick"
1084,2,"Romeo,Richard"
1085,3,"Friedman,Ted"
1086,2,"Korkowski,Zach"
1087,8,"Davis,Latin"
1088,2,"Marquetti,Malik"
1089,2,"Harley,Khari"
1090,1,"Gollon,James"
1091,1,"McDonald,Jaylin"
1092,1,"Crabtree,Drew"
1093,2,"Pino,Christian"
1094,2,"Berbari,Elias"
1095,5,"Gordon,Jack"
1096,8,"Fleming,Michael"
1097,1,"McDonnell,Brandon"
1098,2,"Christensson,Albert"
1099,1,"Williams,Chris"
1100,1,"Williams,J.R."
1101,1,"Curry,DaRon"
1102,1,"Schroback,Mike"
1103,1,"Levene,Dennis"
1104,1,"Hart,Alex"
1105,1,"Brown,Harrison"
1106,2,"Wilson,Gavin"
1107,1,"Barber,DeAndre"
1108,2,"McRoy,Curtis"
1109,12,"Ringholt,James"
1110,1,"Hayes,T.K."
1111,1,"Buscher,Zach"
1112,1,"Stepteau,Brocke"
1113,1,"Leunen,Montie"
1114,1,"Mortensen,Daniel"
1115,2,"Gamble,Karl"
1116,6,"Sheppard,Branden"
1117,2,"Berger,Seth"
1118,1,"Manning,Chris"
1119,4,"Bolstad,Darius"
1120,4,"Bryant,Trae"
1121,1,"Stull,Brock"
1122,1,"Hallinan,Xavier"
1123,1,"Hunter,Jordan"
1124,1,"Oshita,Christian"
1125,2,"Reynolds,Jamal"
1126,1,"Mickle,Kevin"
1127,4,"Wheeler,Connor"
1128,3,"Lee,Richard"
1129,2,"Clarke,Dustin"
1130,8,"Rosenwinkel,Matt"
1131,2,"Scott,Jarad"
1132,3,"Jones,Charlie"
1133,1,"Johnson,Brandon"
1134,4,"Hanley,Peter"
1135,5,"Glover,John Ross"
1136,1,"Davis,Jay Jay"
1137,4,"Jones,Nate"
1138,2,"Smith,Jamal"
1139,4,"Haney,Zach"
1140,1,"Murphy,Billy"
1141,1,"Kennedy,Thomas"
1142,1,"Marshall,Nick"
1143,11,"Weiher,Austin"
1144,1,"Lloyd,Sean"
1145,2,"Forney,Josh"
1146,1,"Wagner,Moritz"
1147,3,"Norman,Dane"
1148,1,"Anderson,Jason"
1149,1,"Abbott,Malik"
1150,1,"Cobb,Eric"
1151,1,"Barton,Jimmy"
1152,1,"Allen,D'Angelo"
1153,1,"Josephs,Carter"
1154,1,"Watkins,Nathan"
1155,1,"Evelyn,Bakari"
1156,2,"Thomas,Charlie"
1157,1,"Moesch,Aaron"
1158,3,"James,Joel"
1159,2,"Brown,Chad"
1160,2,"Albert,Malik"
1161,2,"Farrell,Patrick"
1162,2,"Lowe,Henry"
1163,4,"Hanel,Joe"
1164,2,"Barry,Oumar"
1165,1,"Phillips,Develle"
1166,1,"Dolins,Cory"
1167,2,"Bush,Zach"
1168,1,"Schlatter,Casey"
1169,1,"Hale,Hunter"
1170,1,"Martin,Jordan"
1171,1,"Nobles,Jordan"
1172,2,"Brown,Jashawn"
1173,3,"Estelle,Jevon"
1174,2,"David,Jonny"
1175,2,"Terrell,Andrew"
1176,2,"Bess,Javon"
1177,1,"Clark Jr,Marvin"
1178,1,"Taylor,Jacquil"
1179,1,"Rudy,Michael"
1180,1,"Sunahara,Rex"
1181,1,"Plunkett,Shane"
1182,2,"Stockton,Cole"
1183,2,"Walker,Jonathan"
1184,2,"Allison,Zach"
1185,1,"Henry,Shane"
1186,2,"Reuter,Jarred"
1187,3,"Wright,Kalif"
1188,2,"Tillman,David"
1189,2,"Adel,Deng"
1190,5,"Collins,Garrett"
1191,1,"Williams,Riyan"
1192,1,"Gray,Mark"
1193,1,"Thomas,Jonathan"
1194,4,"Bento,James"
1195,2,"Cigarroa,Angelo"
1196,2,"Johnson,Phillip"
1197,1,"Kite,Jerred"
1198,1,"Streeter,Tyler"
1199,1,"Johnson,Jared"
1200,1,"Bain,Nathan"
1201,1,"Noyes,Mike"
1202,1,"Foxen,Christian"
1203,1,"LaRose,Kinnon"
1204,1,"Westrop,Saren"
1205,1,"Nwokeabia,Benjamin"
1206,1,"David,Justin"
1207,2,"Louder,Pervis"
1208,1,"Clark,Christian"
1209,4,"Love,Lionel"
1210,2,"Epps,Devin"
1211,1,"Houston,Baryn"
1212,2,"Cox,Austin"
1213,3,"Pierre,Josh"
1214,1,"Hadden,Tyler"
1215,1,"Hanley,Peter"
1216,1,"Buscher,Zach"
1217,1,"Stepteau,Brocke"
1218,1,"Enos,Dyrbe"
1219,1,"John,Trevor"
1220,1,"Kerr,Nick"
1221,1,"Glapion,Brenden"
1222,1,"Welle,Cole"
1223,1,"Smith,DaJuan"
1224,1,"Mmonu,Ugo"
1225,1,"Upchurch,Danny"
1226,4,"Griciunas,Benas"
1227,2,"Fraser-Pauls,Chandler"
1228,1,"Anderson,Juwan"
1229,1,"Molinari,David"
1230,1,"Dolins,Cory"
1231,1,"Barry,Oumar"
1232,1,"Blackmon,Marshawn"
1233,4,"Thompson,Robin"
1234,3,"Lodge,Markell"
1235,2,"Booth,Mike"
1236,1,"Taylor,Jahmel"
1237,1,"Arroyo,Ruben"
1238,1,"Wehrli,Bobby"
1239,1,"Rudy,Michael"
1240,1,"O'Neill,Connor"
1241,2,"Brown,Jalen"
1242,2,"Hoffman,Calvin"
1243,2,"Banas,Matt"
1244,2,"Oberfeld,Ben"
1245,2,"Mountain,Derek"
1246,1,"Rielly,Patrick"
1247,1,"Joseph,Max"
1248,7,"Robinson,Dontaveon"
1249,12,"Avery,Jalen"
1250,1,"Rimmer,Schuyler"
1251,3,"Harris,Karl"
1252,1,"Bibbins,Justin"
1253,1,"Rifkind,Alex"
1254,2,"Patterson,Reggie"
1255,1,"Bridgewater,Brian"
1256,2,"Avare,Dillon"
1257,2,"Ram,Varun"
1258,5,"Mitchell,Akim"
1259,1,"Petras,Jakub"
1260,1,"Mitchell,Kameron"
1261,1,"Martin,Jeremiah"
1262,1,"Wade,Dion"
1263,2,"Hollaway,Glenn"
1264,6,"Strother Jr.,Ronald"
1265,3,"Thompson,Terrell"
1266,3,"Dadika,Jake"
1267,1,"McKnight,Derek"
1268,1,"Jones,Martin"
1269,3,"McAllister,Marius"
1270,2,"Baker,Dusty"
1271,1,"Hobaugh,Dustin"
1272,1,"Powell,Nick"
1273,2,"Marshall,Jimmy"
1274,1,"Abakah,Kwesi"
1275,1,"Prahl,Brett"
1276,1,"Kirven,Caid"
1277,1,"Jones,Jeff"
1278,1,"Bartley,Justice"
1279,4,"Harrison,Cole"
1280,4,"LeBlanc,Mike"
1281,2,"Toe,Terrill"
1282,2,"Pugh,Anthony"
1283,3,"Jackson,Trevis"
1284,1,"Walton,Cole"
1285,5,"Nzei,Michael"
1286,3,"Hicks,Izais"
1287,3,"Williams,Josh"
1288,3,"Jacobsen,Cory"
1289,1,"Smith,Byron"
1290,1,"Lloyd,Sean"
1291,2,"Reid,Kyle"
1292,2,"Miller,Malik"
1293,8,"Gaines,Lyonell"
1294,1,"Self,Tyler"
1295,1,"Greene,Brannen"
1296,2,"Dry,Dalton"
1297,2,"Ljeskovic,Uros"
1298,1,"Roland,Jordan"
1299,4,"Smith,Josh"
1300,2,"VanHorn,Trent"
1301,1,"Myers,Teyvon"
1302,3,"Harris,Barnett"
1303,3,"Lochner,Curtis"
1304,2,"O'Mara,Sean"
1305,3,"Gordon,Jack"
1306,1,"Bayless,Joseph"
1307,3,"Gettings,Stone"
1308,3,"Hines,Ryden"
1309,2,"Westrop,Saren"
1310,6,"Reynolds,Jamal"
1311,1,"Gombe,Ron"
1312,1,"Leone,Andrew"
1313,3,"Dickinson,Wesley"
1314,2,"Yoshor,Zach"
1315,4,"Young,Aaron"
1316,1,"Gottfried,Cameron"
1317,1,"Barba,Peter"
1318,7,"Ghani,Khaliq"
1319,1,"Williams,Tiremone"
1320,1,"Laidig,Jeff"
1321,1,"Biebel,Jack"
1322,2,"Tobler,Zack"
1323,2,"Hasbargen,Tim"
1324,3,"McNeil,Jordan"
1325,4,"Rucker,Bryant"
1326,1,"Williams,Austin"
1327,1,"Fraser-Pauls,Chandler"
1328,2,"Julien,Courtney"
1329,3,"Matthews,Mark"
1330,2,"McDowell,Jake"
1331,4,"Estelle,Jevon"
1332,2,"Campo,Jose"
1333,1,"Williams,Ashley"
1334,1,"Adams,Michael"
1335,3,"Collins,Josh"
1336,1,"Eaglin,Todd"
1337,1,"Campbell,Chris"
1338,1,"Gross,Jacob"
1339,2,"Twombly,Brady"
1340,2,"Sharp,Stephon"
1341,2,"Stalzer,Eli"
1342,1,"Heller,Max"
1343,2,"Keenan,Ryan"
1344,1,"Collins,Armani"
1345,2,"Lee,K.J."
1346,1,"Yuoir,Jemaa"
1347,1,"Xu,Oliver"
1348,3,"Nurse,Joshua"
1349,1,"Poulter,Andrew"
1350,4,"Mayot,Duol"
1351,1,"Allen,Noah"
1352,2,"Alston,Shawn"
1353,1,"Griggs-Williams,Christian"
1354,1,"Eubanks,Kobie"
1355,4,"Sehic,Samir"
1356,1,"Cressler,Nolan"
1357,3,"Stokes,Toriano"
1358,2,"Branch,Armani"
1359,1,"Prahl,Brett"
1360,3,"Tolksdorf,Leon"
1361,1,"Roland,Jordan"
1362,2,"Ukah,Okey"
1363,1,"Soukup,Michael"
1364,1,"Winter,Zach"
1365,2,"Diallo,Cheick"
1366,2,"Burston,Torey"
1367,2,"Scissum,Gerron"
1368,5,"Rollo,Travis"
1369,1,"Dodge,Nathan"
1370,10,"Provo,Nevell"
1371,2,"Forney,Josh"
1372,2,"Davis,Terence"
1373,2,"Brantley,Jaylen"
1374,1,"Mache,Michael"
1375,1,"Dowdy,Michael"
1376,1,"Carter,Myles"
1377,1,"Soffer,Dalton"
1378,2,"McRae,Jordan"
1379,2,"Schurman,John"
1380,2,"Mitchell,Kameron"
1381,4,"Jackson,Jordan"
1382,4,"Stewart,Marlon"
1383,2,"Lowe,Henry"
1384,1,"Farrell,Patrick"
1385,1,"Jones,Jeff"
1386,1,"Witherill,Austin"
1387,7,"Boese,Brett"
1388,1,"Leek,Deng"
1389,1,"Stradnieks,Rudy"
1390,5,"Nurger,Rauno"
1391,1,"Bush,Zach"
1392,1,"O'Suji,Stephen"
1393,2,"Redman,Corey"
1394,1,"McCarty,John"
1395,1,"Chambers,Tyree"
1396,1,"Gazi,Erten"
1397,3,"Cobb,Eric"
1398,1,"McFadden,Jerry"
1399,7,"Toney,Emmanuel"
1400,2,"Juricek,Viktor"
1401,2,"Johnson,Phillip"
1402,6,"Schlatter,Casey"
1403,2,"Cooke,Hallice"
1404,4,"Burton,Ryan"
1405,1,"Tharp,Jackson"
1406,1,"Priller,Tim"
1407,3,"Schaffer,Lawson"
1408,2,"Shreiner,Lyrik"
1409,1,"Dry,Dalton"
1410,4,"Odomes,Rashard"
1411,4,"Cox,Stefan"
1412,1,"Galloway,Matt"
1413,2,"Robertin,Legend"
1414,15,"Bynum,Tyree"
1415,2,"Tillman,David"
1416,2,"Lewis,Joseph"
1417,2,"Dingba,Samuel"
1418,3,"Williams,Kenny"
1419,2,"Gorski,Nick"
1420,2,"Madison,Ausar"
1421,2,"Speller,Patrick"
1422,1,"Davis,Bennett"
1423,4,"Murinda,Mufaro"
1424,2,"Batts,Jerimyjah"
1425,6,"Nelson,Marquis"
1426,2,"Bento,James"
1427,1,"Sorkin,Roman"
1428,2,"Chambers,Kamali"
1429,9,"Domingo,Stephen"
1430,6,"Illikainen,Alex"
1431,1,"Ishola,Brian"
1432,3,"Hubler,John"
1433,2,"Washington,Jy'lan"
1434,2,"O'Brien,Grant"
1435,1,"McGregor,Gilbert"
1436,1,"Rike,Troy"
1437,1,"Ram,Varun"
1438,4,"Hamilton,Johnny"
1439,2,"Maia,Rafael"
1440,1,"Lecak,Mike"
1441,3,"Moran,John"
1442,1,"Farrell,Patrick"
1443,1,"Lowe,Henry"
1444,7,"Burchfield,Connor"
1445,3,"Williams,Boaz"
1446,1,"Gregory,LeMon"
1447,1,"Rakocevic,Gligorije"
1448,1,"Dahlen,Matt"
1449,2,"Comanche,Chance"
1450,2,"Miles,Keaton"
1451,2,"Kouassi,Willy"
1452,1,"Green,Daniel"
1453,3,"Keim,Patrick"
1454,7,"Wilridge,E'Torrion"
1455,1,"Iduwe,Osahen"
1456,4,"Triplett,Patrick"
1457,2,"Lakoju,Ami"
1458,1,"Pierre,Tidell"
1459,2,"Randall,Shane"
1460,4,"Rucker,Bryant"
1461,2,"Molinari,David"
1462,2,"Curington,R.J."
1463,1,"Dolins,Cory"
1464,7,"McGlynn,Nick"
1465,1,"Matthews,Tommy"
1466,2,"Gibson,Ty"
1467,1,"Henderson,Bear"
1468,2,"Aube,Reid"
1469,7,"Lindsey,Jalen"
1470,2,"Beach,Jack"
1471,5,"Weir,Dougal"
1472,1,"Plousis,Mark"
1473,2,"Fox,Nourse"
1474,1,"Lopez,Jesse"
1475,1,"Askew,Tavin"
1476,2,"Laing,Nathan"
1477,2,"Matthews,Charles"
1478,4,"Fleming,Iverson"
1479,1,"Josephs,Nathan"
1480,5,"Manyang,Akolda"
1481,1,"Jones,Jeff"
1482,1,"Salt,Jack"
1483,1,"Reuter,Jarred"
1484,1,"Kirven,Caid"
1485,5,"Stafford,Eric"
1486,2,"Ellenson,Wally"
1487,2,"Anim,Sacar"
1488,1,"Mache,Michael"
1489,1,"Ney,Niklas"
1490,1,"Stowe,Jaylen"
1491,3,"Robinson,Dontaveon"
1492,3,"Strother Jr.,Ronald"
1493,2,"Alex,Jabari"
1494,7,"Kanseyo,Tyson"
1495,1,"Smith,Chuck"
1496,2,"Allbery,Alex"
1497,3,"Pistokache,Joaquin"
1498,3,"Johnson,Shaun"
1499,1,"Perpiglia,Steve"
1500,1,"Egbuna,Toby"
1501,1,"Dalton,Spenser"
1502,11,"Jordan,Brandon"
1503,1,"Hickson,Kevin"
1504,1,"Metoyer,Malik"
1505,5,"Lockley,Bryson"
1506,2,"Russell,Colin"
1507,2,"Livingston,Max"
1508,1,"Jackson,Rashad"
1509,2,"Evelyn,Bakari"
1510,3,"Floras,Dimitri"
1511,3,"Baumann,Javon"
1512,2,"Scocca,Andrew"
1513,1,"Walton,Cole"
1514,1,"Adams,Eric"
1515,7,"Tuss,Joe"
1516,4,"Lee,K.J."
1517,1,"Cunningham,Nick"
1518,1,"Merrill,Jimmy"
1519,1,"Schaffer,Lawson"
1520,2,"Collins,LaQuentin"
1521,1,"Martin,Malik"
1522,2,"Rowe,Chandler"
1523,5,"Ivory,Josh"
1524,2,"Wulff,Alec"
1525,3,"Wright,Isaiah"
1526,1,"Reyes,Chris"
1527,1,"Taylor,Quinn"
1528,2,"Warford,Tyler"
1529,1,"Kennedy,J.C."
1530,5,"Brown,Blake"
1531,3,"McCormick,Kellen"
1532,2,"Berbari,Elias"
1533,3,"Voss,Conor"
1534,1,"Simmons,Shawn"
1535,2,"Edwards,AJ"
1536,8,"Rakocevic,Gligorije"
1537,1,"Stangel,Justin"
1538,1,"Dahlen,Matt"
1539,1,"N'diaye,Cheikh"
1540,1,"Harris,Tyler"
1541,1,"Lawson,Shazier"
1542,4,"Sanks,Jonathan"
1543,4,"Hill,Maurius"
1544,1,"Scocca,Andrew"
1545,1,"Begley,Devon"
1546,4,"Calhoun,Omar"
1547,8,"Harris,Barnett"
1548,3,"Davydov,Daniel"
1549,1,"Rhoden,Dondre"
1550,2,"Jackson,Trevis"
1551,3,"Thompson,Christian"
1552,3,"Davis,Paris"
1553,1,"Strollo,Ryan"
1554,2,"Hackett,Drew"
1555,3,"Bryan,Marcus"
1556,1,"Hart,Alex"
1557,1,"Walters,Sam"
1558,2,"Marlin,Matt"
1559,1,"Broussard,Jacob"
1560,10,"Brown,Lawrence"
1561,2,"Rouse,Seth"
1562,2,"Frederick,Andre"
1563,2,"Manning,Chris"
1564,2,"Clemons,Montray"
1565,3,"Williams,J.R."
1566,3,"Benzon,Christian"
1567,3,"Burgett,Austin"
1568,1,"Akintobi-Adeyeye,Doyin"
1569,1,"Joseph,Kaleb"
1570,1,"Sutton,Mike"
1571,3,"Janssen,Jonothan"
1572,3,"Davidson,Nick"
1573,1,"Nurse,Joshua"
1574,2,"Madison,Tyler"
1575,5,"Chambers,Kamali"
1576,6,"Gerrity,Nolan"
1577,1,"Brent,Malcolm"
1578,2,"Hanel,Joe"
1579,1,"Dolins,Cory"
1580,1,"Pettus,Trey"
1581,1,"Bennett,Steven"
1582,1,"Nazarian,Mehran"
1583,4,"Barber,DeAndre"
1584,4,"Eudy,Andrew"
1585,2,"Guzonjic,Kenan"
1586,1,"Repine,Josh"
1587,1,"Williams,Austin"
1588,1,"Gruden,Joey"
1589,4,"Thomas,Cahli"
1590,15,"Mickle,Kevin"
1591,1,"Weary Jr.,Eric"
1592,1,"Barton,Jimmy"
1593,1,"Wolf,Adam"
1594,1,"Glover,John Ross"
1595,3,"Diedhiou,Gaston"
1596,2,"Stockton,Cole"
1597,1,"Coddington,Jake"
1598,2,"Duncan,Everett"
1599,1,"Joy,Connor"
1600,4,"Lindsey,Jake"
1601,1,"Edwards,Blake"
1602,3,"Oliver,T.J."
1603,3,"Moute a Bidias,Roger"
1604,1,"Washington,Jabbar"
1605,4,"Jackson,Aaron"
1606,1,"Milon,Matt"
1607,2,"Steel,Josh"
1608,4,"Harrell,Ronnie"
1609,2,"Wampler,Billy"
1610,1,"Ham,Donovan"
1611,1,"Sorrells,Andrew"
1612,1,"Henderson,Josh"
1613,3,"Niego,Harrison"
1614,2,"Hobgood,Chris"
1615,4,"Diallo,Cheick"
1616,1,"Mykhailiuk,Sviatoslav"
1617,1,"Avery,Travis"
1618,3,"Idris,Teslim"
1619,1,"Strother Jr.,Ronald"
1620,3,"Johnson,Julius"
1621,1,"Moran,John"
1622,2,"McCormick,Mitch"
1623,1,"Pierre-Louis,Thomas"
1624,1,"Hubby,Terrance"
1625,1,"Johnson,Larry"
1626,6,"McCoggle,Christian"
1627,1,"Washington,Dewayne"
1628,2,"Conroy,Riley"
1629,1,"Hines,Ryden"
1630,1,"Manning,Chris"
1631,1,"McManimon,Liam"
1632,1,"Smith,Nych"
1633,2,"Schlotman,Michael"
1634,2,"Vucetic,Sergej"
1635,2,"Majstorovic,Dusan"
1636,1,"Sadlon,Hunter"
1637,1,"Burge,Al"
1638,2,"McDowell,Jake"
1639,1,"Pillari,Daniel"
1640,1,"Weir,Dougal"
1641,1,"Burns,Keon"
1642,1,"Adams,Michael"
1643,2,"Joseph,Max"
1644,2,"Davidson,Nick"
1645,1,"Dhillon,Samer"
1646,1,"Marquetti,Malik"
1647,2,"Bruce,Derrick"
1648,5,"Kelly,Michael"
1649,1,"Wilfong,Jonathan"
1650,2,"Taplin,Sterling"
1651,2,"Gerrity,Nolan"
1652,5,"Shayok,Marial"
1653,2,"Williams,Kenny"
1654,2,"Ney,Niklas"
1655,2,"Vest,Alan"
1656,1,"Oddo,Brian"
1657,1,"Bischoff,Jake"
1658,2,"Anderson,Carlitos"
1659,2,"Robinson III,Elbert"
1660,2,"White-Pittman,Greg"
1661,1,"Love,Lionel"
1662,3,"Wrencher,Patrick"
1663,2,"Wolford,Andre"
1664,4,"Toppin,Malik"
1665,2,"Laney,Shakaris"
1666,5,"Harley,Khari"
1667,1,"McCarty,John"
1668,1,"Hale,Hunter"
1669,2,"Adams,Christian"
1670,1,"Coleman,Josh"
1671,1,"Law,Aaron"
1672,2,"Pettus,Trey"
1673,1,"Chatfield,Andre"
1674,1,"Hershberger,Sam"
1675,1,"Koumadje,Jean Marc"
1676,3,"Cumberland,Jaevin"
1677,1,"Funtarov,Georgi"
1678,1,"Onyebalu,Michael"
1679,1,"Buscher,Zach"
1680,1,"Stepteau,Brocke"
1681,6,"Nakken,Erik"
1682,1,"Nwosuh,Clint"
1683,1,"Tharp,Jackson"
1684,1,"Robinson,Dontaveon"
1685,4,"Holland,Demarcus"
1686,1,"Jankovic,Kosta"
1687,2,"Josephs,Carter"
1688,1,"Floreal,E.J."
1689,1,"Kennedy,Christian"
1690,5,"Hiepler,Ryan"
1691,2,"Marlin,Matt"
1692,1,"McClendon,Jeffery"
1693,1,"VanHorn,Trent"
1694,3,"Grant,Matthew"
1695,1,"Stull,Brock"
1696,1,"Sharp,Stephon"
1697,3,"Benzel,Cody"
1698,1,"Gilmore,Terron"
1699,1,"Toriola,Moses"
1700,1,"Obi,Sean"
1701,2,"Jackson,Demetrius"
1702,3,"Torres,Austin"
1703,1,"Gregory,Matt"
1704,1,"Olesinski,Alex"
1705,3,"Lynch,Jaquan"
1706,1,"Federico,Niksha"
1707,1,"U'u,Parker"
1708,2,"Nesbitt,Michael"
1709,6,"Moore,Zack"
1710,2,"Dickerson,Zach"
1711,3,"Luckett,Leantwan"
1712,1,"Collins,Josh"
1713,1,"Hobaugh,Dustin"
1714,1,"Joyce,Will"
1715,1,"Johnson,Matthew"
1716,3,"Walker,Cameron"
1717,1,"Sharma,Josh"
1718,1,"Dobbins,Kyle"
1719,1,"Distefano,T.J."
1720,1,"Byers,Frank"
1721,2,"Cohen,Danny"
1722,2,"Avery,Travis"
1723,1,"Bloom,David"
1724,1,"Burns,Deondre"
1725,8,"Pallas,Nick"
1726,1,"Douglas,Michael"
1727,1,"King,Derrien"
1728,1,"Morgan,Jalen"
1729,1,"Naughton,Jordan"
1730,3,"Williams,Tyler"
1731,2,"Akele,Nicola"
1732,1,"Leone,Andrew"
1733,2,"Mortensen,Daniel"
1734,1,"Xu,Oliver"
1735,4,"Benlevi,Malik"
1736,2,"Kouassi,Willy"
1737,4,"Pistokache,Joaquin"
1738,1,"Jones,Walter"
1739,1,"Geyen,Darryl"
1740,5,"O'Field,Maurice"
1741,1,"Newsome,Devin"
1742,1,"Allbery,Alex"
1743,2,"Curry,DaRon"
1744,2,"Risse,Matt"
1745,1,"Hector,Tracy"
1746,3,"Schwietz,Sam"
1747,3,"Eaglin,Todd"
1748,1,"Gross,Jacob"
1749,2,"Bradshaw,Riley"
1750,9,"Hansbrough,Tre"
1751,1,"Kamga,Brandon"
1752,3,"Caver,Ahmad"
1753,1,"Jacobsen,Cory"
1754,1,"Vance,Tre"
1755,1,"Smith,Jordan"
1756,2,"Washington,Isaiah"
1757,2,"Ellingson,Brady"
1758,2,"Renfro,Nate"
1759,2,"Lasic,Jagos"
1760,1,"Laidig,Jeff"
1761,1,"Ivory,Josh"
1762,1,"Winter,Zach"
1763,1,"Basor,Ivor"
1764,2,"Hanley,Peter"
1765,2,"Cooper,Davante"
1766,4,"Ray,Shawn"
1767,3,"Blackmon,Jarriesse"
1768,2,"Perkins,Marcellis"
1769,1,"Staubi,Matt"
1770,2,"Jackson II,William"
1771,2,"Egbuna,Toby"
1772,2,"White,Stilman"
1773,2,"Farrell,Matt"
1774,1,"Torres,Austin"
1775,1,"Casper,Brendan"
1776,5,"Arroyo,Ruben"
1777,4,"Neufeld,Matt"
1778,3,"Jolly,Brett"
1779,2,"Anthony,Rashed"
1780,1,"Morgan,Jalen"
1781,1,"Sehic,Samir"
1782,1,"Josephs,Carter"
1783,1,"Toye,Joe"
1784,2,"Steel,Josh"
1785,1,"Myers,Teyvon"
1786,1,"Marshall,Morris"
1787,4,"Waddell,Devin"
1788,1,"Williams,New"
1789,6,"Rogers,Nick"
1790,1,"Hunt,Gentry"
1791,1,"Conroy,Riley"
1792,2,"Enoch,Steven"
1793,2,"Amilo,Nnamdi"
1794,1,"Foxen,Christian"
1795,1,"Noyes,Mike"
1796,1,"Lisha,Glorind"
1797,1,"Smith,Steve"
1798,1,"Session,Jordan"
1799,3,"Liss,Cameron"
1800,2,"Killian,Matt"
1801,3,"Smith,Josh"
1802,3,"McClain,Cody"
1803,2,"Rinaldi,John"
1804,3,"Onwudiegwu,Malachy"
1805,3,"Green,Daniel"
1806,4,"Pierre,Josh"
1807,1,"Bynum,Tyree"
1808,3,"Mitchell,Kameron"
1809,2,"Plousis,Mark"
1810,1,"Smith,JaQuan"
1811,2,"Cohen,Danny"
1812,1,"Avery,Travis"
1813,1,"McCormick,Mitch"
1814,1,"Baxter,Jason"
1815,1,"Kennedy,Christian"
1816,3,"Jackson,Jordan"
1817,1,"Vest,Alan"
1818,3,"Strollo,Ryan"
1819,6,"Stradnieks,Rudy"
1820,2,"Maloney,Matt"
1821,3,"Adams,Michael"
1822,3,"Simonton,Will"
1823,2,"Momah,Obi"
1824,1,"Alexander,Kalen"
1825,4,"Nurger,Rauno"
1826,2,"Ahrens,Kyle"
1827,4,"Iverson,Khalil"
1828,2,"Daniels,Viont'e"
1829,1,"Keim,Patrick"
1830,3,"Budrys,Domas"
1831,3,"Hanley,Peter"
1832,2,"Cooper,Davante"
1833,1,"Toe,Terrill"
1834,1,"Moye,Anson"
1835,3,"Brown,Chad"
1836,1,"Izundu,Ebuka"
1837,3,"Kamga,Brandon"
1838,3,"Green,Anthony"
1839,4,"Grant,Matthew"
1840,3,"Williams,Jarod"
1841,3,"Johnson,Anthony"
1842,4,"Nuno,Enrico"
1843,1,"Gibson,Ty"
1844,2,"Spicer,Johnathan"
1845,2,"Mahoney,Dolan"
1846,3,"Basor,Ivor"
1847,1,"Taylor,Jahmel"
1848,1,"Distefano,T.J."
1849,1,"Byers,Frank"
1850,1,"Marlin,Matt"
1851,1,"Cagle,Carter"
1852,1,"Williams,Kyle"
1853,4,"Weir,Dougal"
1854,1,"Studer,Dan"
1855,5,"Robinson,Dontaveon"
1856,1,"Thomas,Jonathan"
1857,3,"Butler,J.J."
1858,1,"Pettis,Cartree"
1859,2,"Lewis,Fatodd"
1860,1,"Jones,Ed"
1861,1,"Vick,Lagerald"
1862,2,"Heldt,Matt"
1863,2,"Auslander,Kent"
1864,2,"Terrell,Andrew"
1865,4,"McDowell,Jake"
1866,1,"Stowe,Jaylen"
1867,2,"Burton,Ryan"
1868,1,"Finley,Sam"
1869,5,"Woodson,Brad"
1870,2,"Henderson,Juwan"
1871,1,"Onwudiegwu,Malachy"
1872,2,"Orender,Jacob"
1873,2,"Murphy,Billy"
1874,2,"Hemphill,James"
1875,1,"Messer,Nathan"
1876,4,"Meyer,Daniel"
1877,3,"Mitchell,Kameron"
1878,6,"Burns,Keon"
1879,6,"Cohen,Danny"
1880,2,"Williams,Kenny"
1881,2,"Collins,Josh"
1882,2,"Neumann,Sam"
1883,6,"Washington,Isaiah"
1884,3,"Watkins,Brandon"
1885,2,"Habersham,Xavier"
1886,1,"Lecak,Mike"
1887,1,"Luther,Ryan"
1888,3,"Bolstad,Darius"
1889,4,"Planek,Tom"
1890,1,"Council II,Ricky"
1891,1,"Majstorovic,Dusan"
1892,2,"Henderson,Troy"
1893,3,"Angelou,Georgios"
1894,1,"Smith,Nych"
1895,3,"Lodge,Markell"
1896,3,"Mutombo,Haboubacar"
1897,3,"Matthews,Tommy"
1898,2,"Izevbuwa,Osa"
1899,3,"Williams,Austin"
1900,1,"Davis,Mike"
1901,1,"Evans,Austin"
1902,1,"Josephs,Carter"
1903,1,"Sehic,Samir"
1904,1,"Toye,Joe"
1905,1,"Salmon,Marquis"
1906,1,"Senat,Greg"
1907,1,"Dourdas,Evan"
1908,7,"Collins,John"
1909,1,"Bilas,Anthony"
1910,1,"Anderson,Britton"
1911,1,"Vance,Tre"
1912,5,"Morgan,Jalen"
1913,1,"Worman,Sam"
1914,2,"Blake,Kellen"
1915,2,"Hill,Mitch"
1916,1,"Poole,Freddy"
1917,2,"Haber,Kyle"
1918,1,"Bowman,Greg"
1919,2,"Cruz,Paulo"
1920,3,"Clarke,Dustin"
1921,2,"Smith,Nick"
1922,7,"Boezeman,Robert"
1923,1,"Worman,Sam"
1924,1,"Williams,Ashley"
1925,2,"Woods,Peyton"
1926,5,"Majors II,John"
1927,6,"Norman,Luke"
1928,6,"Anton,Jack"
1929,2,"Luther,Collin"
1930,3,"Izevbuwa,Osa"
1931,3,"Bleecher,Maxx"
1932,1,"Douglas,Michael"
1933,2,"Wooten,Tyrone"
1934,1,"Williams,Tiremone"
1935,5,"Benlevi,Malik"
1936,1,"Donaldson,Austin"
1937,1,"Shaw,Braiden"
1938,2,"Twombly,Brady"
1939,2,"Straughan,Jake"
1940,2,"Torres,Julian"
1941,1,"Levitch,David"
1942,2,"Goins,Kenny"
1943,4,"Neumann,Sam"
1944,3,"Collins,Josh"
1945,1,"Blake,Thomas"
1946,1,"Hobaugh,Dustin"
1947,1,"Benton,Shane"
1948,2,"Duvall,Asa"
1949,7,"Abakah,Kwesi"
1950,3,"Madison,Tyler"
1951,2,"Garrison,Evan"
1952,1,"Cannon,John"
1953,3,"Pugh,Anthony"
1954,6,"Wrencher,Patrick"
1955,2,"Biebel,Jack"
1956,2,"Holley,Nigel"
1957,4,"Ruise Jr.,Charles"
1958,2,"Diop,Assane"
1959,1,"Budrys,Domas"
1960,1,"Reed,Jordan"
1961,2,"Ottman,Damion"
1962,3,"Heller,Max"
1963,4,"Bealer,Gabe"
1964,2,"Barber,DeAndre"
1965,1,"Hill,Mitch"
1966,1,"Blake,Kellen"
1967,1,"Janssen,Jonothan"
1968,3,"Vest,Alan"
1969,1,"Mortensen,Daniel"
1970,1,"Stacey,Trey"
1971,2,"Clark,Christian"
1972,2,"Haines,Dylan"
1973,1,"Johnson,Brandon"
1974,3,"Paquin,Alex"
1975,1,"Mammel,Scott"
1976,3,"N'diaye,Cheikh"
1977,4,"Friedman,Ted"
1978,1,"Knar,Robert"
1979,1,"Prusator,Grant"
1980,1,"Kennedy,Thomas"
1981,1,"Perkins,Marcellis"
1982,1,"Rielly,Patrick"
1983,1,"Baker,Isaiah"
1984,1,"Murphy,Billy"
1985,1,"Barlow,Tyler"
1986,1,"Martin,Jeremiah"
1987,3,"Bush,Zach"
1988,5,"Gorski,Nick"
1989,1,"Dickerson,Zach"
1990,4,"Jorgenson,Travis"
1991,1,"Lewis,O.J."
1992,2,"Dalton,Hayden"
1993,1,"Radner,Jonathan"
1994,1,"Akintobi-Adeyeye,Doyin"
1995,1,"Belbey,Shaun"
1996,1,"Sutton,Mike"
1997,3,"Canty,Ryan"
1998,1,"Poole,Will"
1999,1,"Hazlewood,Daniel"
2000,1,"Cambre,Cody"
2001,1,"Clement,Tyler"
2002,2,"Yoshor,Zach"
2003,2,"Davis,Raasean"
2004,1,"Goss,Collin"
2005,1,"Brantley,Jaylen"
2006,2,"Dakich,Andrew"
2007,2,"Chatman,Kameron"
2008,3,"Laws,Malcolm"
2009,4,"Ash,Jordan"
2010,5,"Van,Jacob"
2011,1,"Hummer,Daniel"
2012,1,"Toohey,Frank"
2013,2,"Keim,Patrick"
2014,1,"Josephs,Carter"
2015,2,"Molinari,David"
2016,4,"Cotton,Matthew"
2017,2,"Altheimer,Velerio"
2018,1,"Barnes,Bray"
2019,1,"Tapp,Tanner"
2020,3,"Brown,Andrew"
2021,1,"Hayes,T.K."
2022,3,"Taylor,Isaac"
2023,3,"Forrest,Quinton"
2024,1,"Charleston,Keith"
2025,1,"Ferguson,Jamal"
2026,2,"Jordan,Brandon"
2027,2,"Johnson,Julien"
2028,2,"Pritchett,Najee"
2029,4,"Thomas,Jonathan"
2030,5,"Mutombo,Haboubacar"
2031,4,"Dudley,Josh"
2032,2,"Fowler,Nate"
2033,3,"Stockman,Matz"
2034,1,"Joseph,Max"
2035,6,"Foster-Smith,Aaron"
2036,1,"Niego,Harrison"
2037,1,"Priller,Tim"
2038,2,"Van Dyk,Matt"
2039,1,"Baumann,Javon"
2040,1,"Scissum,Gerron"
2041,1,"Brown,Chad"
2042,1,"Brudish,Jake"
2043,1,"Wilfong,Jonathan"
2044,1,"Cunningham,David"
2045,5,"Toohey,Frank"
2046,3,"James,Dezmond"
2047,3,"Van,Jacob"
2048,1,"Floreal,E.J."
2049,3,"Lynch,Jaquan"
2050,2,"Johnson,Larry"
2051,2,"Whitfield,Dwain"
2052,3,"Love,Jesse"
2053,1,"Katumbusi II,Rahamanh"
2054,3,"Kobani,Mike"
2055,2,"Lester,Josh"
2056,15,"Ellison III,Lionel"
2057,2,"Taylor,Jahmel"
2058,1,"Bittner,Sam"
2059,2,"Jorch,Robin"
2060,2,"Murphy,Billy"
2061,9,"Tisdale,JD"
2062,4,"Grennan,Sean"
2063,2,"Kennedy,Thomas"
2064,3,"Drew,Landon"
2065,1,"Gombe,Ron"
2066,1,"Owen,Raven"
2067,1,"Williams,Boaz"
2068,1,"Christensson,Albert"
2069,2,"Kilby,Cory"
2070,3,"Koopman,Tom"
2071,2,"Duncan,Bobby"
2072,3,"Dulin,Bryce"
2073,2,"Enoch,Steven"
2074,1,"Powell,Nick"
2075,3,"Harris,Barnett"
2076,1,"Locke,Sean"
2077,1,"Lochner,Curtis"
2078,3,"Myles,Tyshawn"
2079,1,"Hamilton,Johnny"
2080,2,"Parke,Daniel"
2081,1,"Matthews,Tommy"
2082,6,"Henderson,Bear"
2083,1,"Benzel,Cody"
2084,1,"Hollman,Will"
2085,1,"Matthews,ZaQwaun"
2086,1,"Foschia,Nick"
2087,1,"Mourning,Trey"
2088,2,"Epps,Devin"
2089,1,"Donaldson,Austin"
2090,1,"Cagle,Carter"
2091,1,"Brown,Jalen"
2092,9,"Oakley,Devon"
2093,1,"Miller,Imani"
2094,1,"Jenkins,Janeil"
2095,2,"Bowman,Miles"
2096,1,"James,K.J."
2097,1,"Benton,Shane"
2098,1,"Hazlewood,Daniel"
2099,1,"Cambre,Cody"
2100,2,"Askew,Tavin"
2101,1,"Johnson,Phillip"
2102,3,"Thomas,Alex"
2103,1,"Mikesell,Ryan"
2104,2,"Lane,Khadre"
2105,2,"Funtarov,Georgi"
2106,1,"Moye,Anson"
2107,1,"Wrencher,Patrick"
2108,1,"Coleman,Josh"
2109,2,"McCullough,Tyler"
2110,3,"Kennedy,Cal"
2111,2,"Morrison,Luke"
2112,1,"Jabbie,Ishmail"
2113,1,"Grace,Ben"
2114,1,"Brent,Malcolm"
2115,1,"Hall,Charlie"
2116,2,"Jackson II,William"
2117,2,"Finley,Sam"
2118,2,"Escobar,J.T."
2119,1,"Pillari,Daniel"
2120,3,"Bradshaw,Riley"
2121,4,"Thomas,Cahli"
2122,1,"Scocca,Andrew"
2123,4,"Biedscheid,Cameron"
2124,2,"Izevbuwa,Osa"
2125,2,"Pettis,Cartree"
2126,5,"Zelis,Andrew"
2127,4,"Pauga,Austin"
2128,1,"Collie,Daniel"
2129,1,"Young,Aaron"
2130,1,"Biebel,Jack"
2131,3,"Trueblood,Johnny"
2132,1,"Salmon,Marquis"
2133,9,"Singleton,Joshea"
2134,1,"Josephs,Carter"
2135,2,"Allen,Nate"
2136,2,"Altheimer,Velerio"
2137,1,"Richmond,Arnold"
2138,2,"Bush,Zach"
2139,2,"Stradnieks,Rudy"
2140,2,"Leek,Deng"
2141,2,"de Laveaga,Kyle"
2142,5,"Mitchell,Kameron"
2143,2,"Donohoe,Tim"
2144,4,"Alston,Shawn"
2145,2,"Alexander,Kyle"
2146,2,"Thornton,Devin"
2147,2,"Carr,Alex"
2148,2,"Dorsey,Donaven"
2149,1,"Duruisseau,Devenir"
2150,1,"Green,Dominic"
2151,2,"Seward,Miles"
2152,1,"Kennedy,J.C."
2153,2,"Romeo,Richard"
2154,1,"Mahaffey,D'Andre"
2155,1,"Weethee,Will"
2156,2,"Brooks,Charlendez"
2157,1,"Williams,Aaron"
2158,2,"Marshall,Jimmy"
2159,1,"Ford,Sajon"
2160,1,"Schlotman,Michael"
2161,1,"Seacat,Hunter"
2162,1,"Rowley,Paul"
2163,4,"Rakicevic,Nikola"
2164,1,"Joseph,Max"
2165,2,"Brechting,Brad"
2166,4,"Smith,Brian"
2167,2,"Richardson,Raynard"
2168,6,"Williams,Tiremone"
2169,1,"Marcus,Ben"
2170,3,"Laing,Nathan"
2171,1,"Harris,Steve"
2172,1,"Budrys,Domas"
2173,1,"Burgett,Austin"
2174,5,"Onyebalu,Michael"
2175,1,"Maloney,Matt"
2176,1,"Kanter,Kerem"
2177,1,"Brown,Avery"
2178,1,"Uwadiae,Henry"
2179,1,"Gilmore,Donovan"
2180,4,"Moravek,Jaro"
2181,3,"Ariri,Aaron"
2182,2,"Biebel,Jack"
2183,9,"Jones,Brodricks"
2184,1,"Eriobuna,Ikem"
2185,6,"Holloway,Khari"
2186,1,"Bradshaw,Riley"
2187,2,"McManimon,Liam"
2188,1,"Alexander II,Courtney"
2189,1,"Stockman,Matz"
2190,3,"McRoy,Curtis"
2191,7,"Edge,Darnell"
2192,2,"Merrill,Jimmy"
2193,3,"O'Field,Maurice"
2194,1,"Witherill,Austin"
2195,2,"Meredith,Scott"
2196,1,"Kostur,Bosko"
2197,2,"Douglas,Michael"
2198,7,"Adway,Taylor"
2199,5,"Sturdivant,Tyrell"
2200,2,"Rifkind,Alex"
2201,1,"Perry,Trent"
2202,1,"Hale,Hunter"
2203,3,"Hiepler,Ryan"
2204,1,"Haus,David"
2205,1,"Gruden,Joey"
2206,1,"Petty,Brenton"
2207,2,"Bittner,Sam"
2208,15,"Ray,Quinton"
2209,2,"Rudy,Michael"
2210,2,"O'Neill,Connor"
2211,3,"Lincoln,Lee"
2212,1,"Bethea Jr.,Michael"
2213,1,"Agyeman-Budu,Jefkins"
2214,2,"Drammeh,Sheriff"
2215,3,"Benzan,Pat"
2216,2,"Osborn,Trevor"
2217,1,"Ward,C.J."
2218,3,"Hyde,Jalen"
2219,3,"Auslander,Kent"
2220,1,"Poole,Freddy"
2221,1,"Ash,Jordan"
2222,3,"Stephens,Quinton"
2223,2,"Luther,Ryan"
2224,1,"Burge,Al"
2225,1,"Williams,D'Erryl"
2226,1,"Laidig,Jeff"
2227,1,"Dauda,Ismaila"
2228,1,"Odum,Karlos"
2229,5,"McClinton,Greg"
2230,1,"VanHorn,Trent"
2231,2,"Van,Jacob"
2232,1,"Callahan,Seth"
2233,1,"Walsh,Reilly"
2234,3,"Copeland,Alex"
2235,2,"Reynolds,Blake"
2236,3,"Stowe,Jaylen"
2237,5,"Weary Jr.,Eric"
2238,3,"Moesch,Aaron"
2239,2,"Robinson,Edward"
2240,1,"Berry,Andre"
2241,1,"Yancy,Kendal"
2242,1,"Stumpe,Trevor"
2243,4,"Iruafemi,Fred"
2244,1,"Stones,Michael"
2245,1,"Payne,Quinten"
2246,1,"Dickinson,Wesley"
2247,1,"Leone,Andrew"
2248,1,"Schroback,Mike"
2249,2,"Hollaway,Glenn"
2250,11,"Hortum,Ugur"
2251,1,"Altheimer,Velerio"
2252,1,"Cotton,Matthew"
2253,5,"Paige,Jimmy"
2254,1,"LaRose,Kinnon"
2255,1,"Brooks,Kentrall"
2256,4,"Parker,Chauncy"
2257,1,"Amos,Malik"
2258,4,"Cooper,Davante"
2259,1,"White,Grant"
2260,3,"Wilson-Fisher,Charles"
2261,4,"Rohrer,Nate"
2262,1,"Lewis,O.J."
2263,1,"Majstorovic,Dusan"
2264,6,"Holtzmann,Jake"
2265,2,"Ishola,Brian"
2266,2,"Eliason,Spencer"
2267,1,"Eaglin,Todd"
2268,1,"Massie,Kyle"
2269,1,"Izundu,Valentine"
2270,4,"Toriola,Moses"
2271,1,"Pagliuca,Nick"
2272,3,"Thompson,Tad"
2273,1,"Riley,Gus"
2274,1,"Brickman,Justin"
2275,1,"Barnes,Bray"
2276,2,"Welfringer,Judd"
2277,4,"Sadlon,Hunter"
2278,1,"Morgan,Devontae"
2279,1,"Locke,Sean"
2280,1,"McRoy,Curtis"
2281,1,"Jackson,Mar'Qywell"
2282,9,"Nurse,Joshua"
2283,1,"Francis-Ramirez,Brandone"
2284,1,"Cunningham,Alvin"
2285,1,"Bleecher,Maxx"
2286,4,"Mahaffey,D'Andre"
2287,2,"Weethee,Will"
2288,2,"Hayes,T.K."
2289,26,"Lowe,Carlton"
2290,5,"Altheimer,Velerio"
2291,9,"Mingo,Dalique"
2292,2,"Madison,Ausar"
2293,1,"Lisha,Glorind"
2294,2,"Burnett,Brandon"
2295,1,"Paige,Laquarious"
2296,1,"Alexander,Kalen"
2297,4,"Kuligoski,Joe"
2298,2,"Self,Tyler"
2299,2,"Davis,Terence"
2300,1,"Coddington,Jake"
2301,1,"Robertson,David"
2302,3,"Williams,Tiremone"
2303,1,"Wooten,Tyrone"
2304,3,"Ney,Niklas"
2305,2,"Pritchett,Najee"
2306,3,"Wilson,D.J."
2307,1,"Mortensen,Daniel"
2308,1,"Ahrens,Kyle"
2309,2,"Cisse,Ganlandou"
2310,5,"Manning,Chris"
2311,5,"Floyd,Jehyve"
2312,6,"Naughton,Jordan"
2313,1,"Anderson,Juwan"
2314,2,"Kennedy,Christian"
2315,1,"Heyward,Corey"
2316,3,"Maye,Luke"
2317,2,"Williams,Kenny"
2318,6,"Reid,Kyle"
2319,1,"Neumann,Sam"
2320,3,"Loose,Tyler"
2321,1,"Seward,Miles"
2322,1,"Ram,Varun"
2323,1,"Bender,Ivan"
2324,2,"Cambre,Cody"
2325,2,"Poole,Will"
2326,1,"Hasbargen,Tim"
2327,1,"Olujobi,Femi"
2328,2,"Stuen,Ford"
2329,1,"Lienhard,Will"
2330,3,"Chatman,Jordan"
2331,1,"Lecak,Mike"
2332,1,"Miller,Tyler"
2333,3,"Neufeld,Matt"
2334,1,"Plunkett,Shane"
2335,3,"Clover,Chris"
2336,4,"Summy,Hunter"
2337,3,"Anderson,Braeden"
2338,2,"Gottfried,Cameron"
2339,2,"Epps,Devin"
2340,1,"McDowell,Jake"
2341,7,"Leek,Aleer"
2342,2,"Friedman,Ted"
2343,3,"Weiher,Austin"
2344,3,"Joyce,Will"
2345,3,"Voss,Conor"
2346,3,"Weary Jr.,Eric"
2347,5,"Martinez,Javier"
2348,1,"Byers,Frank"
2349,1,"Austin,Courtney"
2350,5,"Pierre-Louis,Thomas"
2351,1,"McCoggle,Christian"
2352,1,"Bynum,Tyree"
2353,4,"Montalvo,Ethan"
2354,2,"Davidson,Nick"
2355,2,"Levingston Simon,Chandler"
2356,2,"Rudy,Michael"
2357,4,"Chivichyan,Gary"
2358,1,"Williams,Juwan"
2359,2,"Austin,Demontrez"
2360,1,"Dadika,Jake"
2361,3,"Moesch,Aaron"
2362,1,"Schlundt,T.J."
2363,1,"Decorah,Will"
2364,1,"Bax,Jackson"
2365,1,"Bennett,Steven"
2366,1,"Burgess,Ashanti"
2367,1,"Bergen,Alex"
2368,1,"Moute a Bidias,Roger"
2369,3,"Dickerson,Zach"
2370,8,"Flaggert,Jake"
2371,3,"Dorsey,Donaven"
2372,5,"Spencer,T.J."
2373,1,"Cabarkapa,Milos"
2374,1,"France III,Tedaro"
2375,1,"McHugh,Taylor"
2376,5,"Smith,Cameron"
2377,2,"Harrison,Cole"
2378,3,"Green,Anthony"
2379,1,"Perez,Bobby"
2380,1,"Yoshor,Zach"
2381,1,"Lochner,Curtis"
2382,1,"Locke,Sean"
2383,2,"Frost,Ahmad"
2384,1,"McAllister,Marius"
2385,3,"Grundy,Trey"
2386,4,"Ferris,Will"
2387,2,"Mathis,Spencer"
2388,1,"Floresca,Alex"
2389,2,"Hadden,Tyler"
2390,3,"Thompson,Christian"
2391,2,"Rafferty,Kevin"
2392,2,"Bolden,Devon"
2393,2,"Katumbusi II,Rahamanh"
2394,2,"Haney,Zach"
2395,2,"Wehrli,Bobby"
2396,1,"Moye,Anson"
2397,1,"Obi,Sean"
2398,1,"Wiley,Willie"
2399,1,"Benzan,Pat"
2400,1,"Perkins,Marcellis"
2401,1,"Rielly,Patrick"
2402,1,"Murinda,Mufaro"
2403,1,"Talla,Racine"
2404,2,"Rollo,Travis"
2405,1,"Carter,Myles"
2406,4,"Brantley,Jaylen"
2407,1,"Cole,David"
2408,1,"Jones,Jarvis"
2409,3,"Brown,Charles"
2410,5,"Robertin,Legend"
2411,1,"Owona,Mike"
2412,1,"McDonald,Jaylin"
2413,1,"Obokoh,Chinonso"
2414,5,"Bolton,Henry"
2415,1,"Moore,Zack"
2416,2,"Holliman,Jarrell"
2417,1,"Weary Jr.,Eric"
2418,1,"Harris,Julian"
2419,1,"Ramlal,Kendall"
2420,1,"Watkins,Nathan"
2421,2,"Olujobi,Femi"
2422,5,"Nolte,Evan"
2423,1,"Kirven,Caid"
2424,7,"Dougan,Tim"
2425,11,"Mahaffey,D'Andre"
2426,2,"Jones,Chase"
2427,1,"Saunders,Romone"
2428,10,"Viegas,Kessio"
2429,2,"Williams,Aaron"
2430,2,"Pino,Christian"
2431,2,"Goss,Collin"
2432,1,"Swan,Anthony"
2433,3,"Brown,Chad"
2434,2,"Mumin,Djordjije"
2435,2,"Duncan,Bobby"
2436,1,"Wilson,Gavin"
2437,3,"Lowe,Trey"
2438,1,"Laffin,Kyle"
2439,2,"Matthews,Tommy"
2440,1,"Wise,Christian"
2441,2,"Bolt,Aaron"
2442,3,"Nwosuh,Clint"
2443,3,"Zelis,Andrew"
2444,3,"Snider,Gabe"
2445,4,"Adeyeye,Josh"
2446,1,"Ray,Shawn"
2447,1,"Self,Tyler"
2448,2,"Winter,Zach"
2449,6,"Cole,Shadd"
2450,1,"Pruitt,Elijah"
2451,2,"Kennedy,Christian"
2452,3,"Matthews,ZaQwaun"
2453,2,"Bates,K.J."
2454,3,"Vinson,Corey"
2455,2,"Fortin,Marc Andre"
2456,3,"White-Pittman,Greg"
2457,1,"Atencia,Hansel"
2458,2,"Heller,Max"
2459,3,"Sheffield,Nathan"
2460,1,"Hobbs,Raymond"
2461,3,"Williams,Keon"
2462,4,"Alexander,Kyle"
2463,1,"Sorrells,Andrew"
2464,1,"Ham,Donovan"
2465,1,"Gottfried,Cameron"
2466,7,"Duncan,Everett"
2467,1,"Barnes,Bray"
2468,1,"Witherill,Austin"
2469,1,"Sullivan,Chris"
2470,2,"Chauca,Brandon"
2471,1,"Hershberger,Sam"
2472,1,"Pagliuca,Nick"
2473,2,"Young,Zach"
2474,16,"Decker,Josh"
2475,2,"Castillo,Nick"
2476,6,"Wilson,Nolan"
2477,3,"Bitting,Ty'Quan"
2478,2,"Sylvester,DJ"
2479,1,"Petras,Jakub"
2480,1,"Mitchell,Kameron"
2481,5,"Walsh,Reilly"
2482,1,"McKnight,Derek"
2483,1,"Mofford,Jelani"
2484,1,"Coker,Kanler"
2485,1,"Coleman,Justin"
2486,1,"Dalton,Spenser"
2487,2,"Cuadra,Jon Ander"
2488,4,"Cumberland,Jaevin"
2489,3,"Olujobi,Femi"
2490,2,"Dadika,Jake"
2491,2,"Batie,Khalil"
2492,4,"White,Grant"
2493,2,"Davis,Ryan"
2494,2,"McManus,Collin"
2495,1,"Rothschild,Max"
2496,1,"Farrell,Patrick"
2497,1,"Rafferty,Kevin"
2498,2,"Troutt,Grant"
2499,5,"Hilliard,Ted"
2500,1,"Martin,Eugene"
2501,1,"Chown,Mikey"
2502,4,"Hamilton,Quinton"
2503,1,"Jenkins,Janeil"
2504,3,"Anim,Sacar"
2505,1,"Heldt,Matt"
2506,1,"Marotta,Cam"
2507,1,"Auslander,Kent"
2508,1,"Terrell,Andrew"
2509,1,"Tuohy Jr.,Sean"
2510,1,"Williams,Bobby"
2511,4,"Pulsifer,Jon"
2512,1,"Mulder,Mychal"
2513,4,"Knar,Robert"
2514,1,"Drammeh,Sheriff"
2515,2,"Redding,Ny"
2516,1,"Pillari,Daniel"
2517,6,"Favorite,David"
2518,2,"Rowland,Rand"
2519,3,"Triano,Dustin"
2520,4,"Egi,Chris"
2521,10,"Oakley,Devon"
2522,1,"Martin,Wade"
2523,1,"Cooper,Prince"
2524,2,"Levene,Dennis"
2525,1,"Chionuma,Zach"
2526,2,"Sharp,Stephon"
2527,2,"Holmes,Carter"
2528,4,"Leach,Grant"
2529,1,"Deloach,Jesse"
2530,3,"Jackson,Rashad"
2531,3,"Curry,DaRon"
2532,1,"Schroback,Mike"
2533,1,"Porter,Franklin"
2534,1,"Hunter,Jordan"
2535,1,"Murphy,Billy"
2536,3,"Ishola,Brian"
2537,4,"Myers Jr,Edmond"
2538,2,"Bain,Nathan"
2539,3,"Rinaldi,John"
2540,2,"McRae,Jordan"
2541,1,"Momah,Obi"
2542,2,"Martin,Aram"
2543,1,"Ingram,Patrick"
2544,1,"White,Skyler"
2545,1,"France III,Tedaro"
2546,4,"Cooper,Devin"
2547,2,"Burge,Al"
2548,3,"Barnes,Ali"
2549,3,"Miller,Sam"
2550,1,"Bost,Drew"
2551,1,"Robbins,Peyton"
2552,1,"Pettis,Cartree"
2553,1,"Victor,Jhonny"
2554,1,"Royal,Julian"
2555,1,"O'Neill,Connor"
2556,1,"Hollman,Will"
2557,1,"Romich,Drew"
2558,3,"Aughburns,Branden"
2559,1,"Buscher,Zach"
2560,1,"Filipovich,Niko"
2561,3,"McGuire,Markese"
2562,2,"Prusator,Grant"
2563,3,"Cisse,Ganlandou"
2564,9,"Leek,Aleer"
2565,1,"Voorhes,Wyatt"
2566,3,"Levitch,David"
2567,1,"Henderson,Jay"
2568,2,"Pierre-Louis,Thomas"
2569,5,"Sparks,Austin"
2570,2,"Power,Logan"
2571,1,"Cheaney,Barry"
2572,4,"Saprykinas,Haroldas"
2573,1,"Ford,Sajon"
2574,1,"Kamga,Brandon"
2575,3,"Buchanan,Clayton"
2576,1,"Cumberland,Jaevin"
2577,2,"Washington,Isaiah"
2578,1,"Berbari,Elias"
2579,1,"Josephs,Carter"
2580,1,"Dowdy,Michael"
2581,1,"Wilfong,Jonathan"
2582,1,"Dourdas,Evan"
2583,1,"Akintobi-Adeyeye,Doyin"
2584,1,"Patterson,Mark"
2585,1,"Raven,Alec"
2586,2,"de Laveaga,Kyle"
2587,1,"Smith,Jerrold"
2588,1,"Okwarabizie,Ikenna"
2589,1,"Wulff,Alec"
2590,2,"London,Makinde"
2591,5,"Jacobsen,Cory"
2592,2,"Smith,Joseff"
2593,1,"Stacey,Trey"
2594,5,"Marshall,Morris"
2595,3,"Small,Kendall"
2596,1,"Lakoju,Ami"
2597,1,"Walters,Sam"
2598,1,"Gross,Jacob"
2599,1,"Newsome,Devin"
2600,3,"Koumadje,Jean Marc"
2601,2,"Beach,Jack"
2602,4,"Williams,Tiremone"
2603,2,"Dozic,Aleksandar"
2604,1,"Turcotte,Zach"
2605,7,"Thomas,Chris"
2606,2,"Andrews,Rashad"
2607,4,"Hall,Charlie"
2608,2,"Johnson,Larry"
2609,6,"Townes,Anthony"
2610,1,"Spiers,Joshua"
2611,2,"Hallinan,Xavier"
2612,3,"Grennan,Sean"
2613,1,"Chaffee,Stokley"
2614,3,"Smith,TyQuayion"
2615,2,"Toriola,Moses"
2616,2,"Pistokache,Joaquin"
2617,2,"Blackmon,Mark"
2618,2,"Taylor,Isaac"
2619,1,"Spurlock,Stephen"
2620,5,"Matic,Andrija"
2621,5,"Brummet,Jacob"
2622,1,"Bowden,Marquis"
2623,4,"Tyler,Chris"
2624,3,"Koopman,S.J."
2625,2,"Foster,Charles"
2626,3,"Adams,Eric"
2627,2,"Quinn,Dakota"
2628,2,"Atencia,Hansel"
2629,4,"Walsh,Reilly"
2630,3,"Sturdivant,Tyrell"
2631,2,"Shreiner,Lyrik"
2632,1,"Dry,Dalton"
2633,4,"Mayleben,Garrett"
2634,4,"Comanche,Chance"
2635,1,"Harris,Tyler"
2636,2,"Toohey,Frank"
2637,2,"Van,Jacob"
2638,8,"Printup,Rogers"
2639,1,"Perrin,Casey"
2640,1,"Chambers,Kamali"
2641,2,"Batish,Jamie"
2642,1,"Bruster,De'Angelo"
2643,1,"Madrid-Andrews,Jordan"
2644,1,"Lombard,Mitch"
2645,1,"Lester,Jordan"
2646,1,"Robinson,Jordan"
2647,1,"Luther,Collin"
2648,1,"Melmed,Garvey"
2649,2,"Kasongo,Ray"
2650,1,"Dupree,Xavier"
2651,1,"Nkali,Bertrand"
2652,2,"Hill,Keon"
2653,1,"Jones,Jalen"
2654,2,"Sparks,Austin"
2655,5,"Melifonwu,Daniel"
2656,1,"Sinn,Grant"
2657,4,"Young,Clay"
2658,1,"Shortess,Henry"
2659,2,"Rajala,Julius"
2660,1,"Terrell,Andrew"
2661,1,"Robinson,Mike"
2662,2,"Strollo,Ryan"
2663,8,"Dickinson,Wesley"
2664,1,"Dauda,Ismaila"
2665,2,"Ellis III,Alvin"
2666,1,"Van Dyk,Matt"
2667,1,"Wollenman,Colby"
2668,1,"Kamga,Brandon"
2669,7,"Rosenwinkel,Matt"
2670,2,"Hawkins,Dominique"
2671,4,"Odomes,Rashard"
2672,3,"McNeace,Jamuni"
2673,2,"James,Christian"
2674,1,"Williams,Matt"
2675,1,"Cottam,Paul"
2676,1,"Grundy,Trey"
2677,3,"Cooper,Devin"
2678,2,"Baumann,Javon"
2679,2,"Anthony,Rashed"
2680,1,"McGuire,Caleb"
2681,1,"Kos,Anze"
2682,1,"Mischler,Robert"
2683,1,"Distefano,T.J."
2684,1,"Aparicio,Juan"
2685,3,"Esparza,Rene"
2686,1,"Ndir,Sidy"
2687,1,"Campo,Jose"
2688,2,"John Jr.,Fred"
2689,1,"Coker,Kanler"
2690,1,"Coleman,Justin"
2691,1,"Egbuna,Toby"
2692,1,"Smith,Jerrold"
2693,1,"Okwarabizie,Ikenna"
2694,2,"Watkins,Nathan"
2695,3,"Cumberland,Jaevin"
2696,2,"Keim,Patrick"
2697,2,"Williams,New"
2698,1,"Allison,Zach"
2699,2,"Stainbrook,Tim"
2700,3,"Nails,Jahlil"
2701,1,"Brady,Brett"
2702,3,"Holley,Nigel"
2703,3,"Thomas,Alex"
2704,2,"Davis,LaMarcus"
2705,2,"Williams,Gage"
2706,1,"Cooper,Prince"
2707,2,"Laing,Nathan"
2708,3,"Lloyd,Sean"
2709,1,"Siler,Aaron"
2710,1,"Anderson,Juwan"
2711,2,"Moye,Anson"
2712,1,"Rifkind,Alex"
2713,1,"Heller,Max"
2714,5,"Allman,Kyle"
2715,1,"Bruce,Derrick"
2716,1,"Dahlen,Matt"
2717,1,"Togiai,Noah"
2718,1,"Plaisance,Scott"
2719,2,"Livingston,Max"
2720,2,"Williams,D'Erryl"
2721,5,"Kite,Jerred"
2722,5,"Hansbrough,Tre"
2723,2,"Henderson,Markell"
2724,1,"Frazier,Savonte"
2725,2,"Withers,Tyler"
2726,1,"Davis,Lael"
2727,3,"Petras,Jakub"
2728,1,"Toriola,Moses"
2729,1,"Peebles-Jennings,Justin"
2730,1,"Vucetic,Sergej"
2731,4,"Sampson,Burton"
2732,2,"Dickerson,Zach"
2733,3,"Tyler,Scotty"
2734,1,"Lowe,Carlton"
2735,1,"White-Pittman,Greg"
2736,1,"Smith,Amir"
2737,2,"Mitchell,Akim"
2738,2,"Aughburns,Branden"
2739,3,"Duvall,Asa"
2740,3,"Brooks,Melvin"
2741,2,"Schaffer,Lawson"
2742,1,"Clark,Christian"
2743,2,"Parker,Nick"
2744,1,"Marcus,Ben"
2745,5,"Reid,Jaylen"
2746,2,"Matthews,Mark"
2747,1,"Ebifemi,Olatunji"
2748,4,"Worthem,Jeremiah"
2749,1,"Ngwe,Chidiebere"
2750,1,"Cohen,Danny"
2751,1,"Savoy,Bradley"
2752,1,"Haugh,Darin"
2753,2,"Harris,Darian"
2754,1,"Martin,Jordan"
2755,3,"Good,Cayce"
2756,2,"Conroy,Riley"
2757,5,"Williams,Kenny"
2758,1,"Coleman,Justin"
2759,8,"Odum,Karlos"
2760,2,"Ramlal,Kendall"
2761,1,"Jolly,Brett"
2762,3,"Young,Zach"
2763,1,"Campbell,Lucas"
2764,2,"Toriola,Moses"
2765,1,"Banner,Devonte"
2766,9,"Bell,Davon"
2767,1,"Pillari,Daniel"
2768,1,"Sarr,Pierre"
2769,2,"Sylvester,DJ"
2770,2,"Marshall,Nick"
2771,2,"Hunter IV,Lindsey"
2772,1,"Dakich,Andrew"
2773,1,"Escobar,J.T."
2774,1,"Coddington,Jake"
2775,2,"DeJong,Gavin"
2776,1,"Miller,Raekwon"
2777,1,"Wnuk,Alec"
2778,6,"Whitfield,Dwain"
2779,1,"Leach,Melran"
2780,1,"Dahn,Connor"
2781,1,"Cowgill,Jordan"
2782,1,"McDonald,Jaylin"
2783,3,"Dillard,Davon"
2784,1,"Sprinkle,J'Breun"
2785,3,"Williams,Rodney"
2786,3,"Cartwright,Andrew"
2787,2,"Sharma,Josh"
2788,3,"Williams,Tiremone"
2789,3,"Hulings,Eric"
2790,2,"Kennedy,Alex"
2791,1,"Beach,Jack"
2792,1,"Lynch,A.J."
2793,1,"Young,Zach"
2794,1,"Gross,Jacob"
2795,1,"White-Pittman,Greg"
2796,2,"Patterson,Mark"
2797,2,"Porter,Franklin"
2798,1,"Fincher,Neville"
2799,4,"Deloach,Jesse"
2800,8,"Austin,Brandon"
2801,4,"Smith,Josh"
2802,4,"Branin II,Tim"
2803,4,"Braxton,Terrence"
2804,3,"Sabato,Tony"
2805,2,"Edwards,Demarcus"
2806,1,"Ashton,Jordan"
2807,1,"Nezlek,Stuart"
2808,7,"Jones,Ed"
2809,1,"Mortensen,Daniel"
2810,1,"Sarr,Pierre"
2811,4,"Morrow,Edward"
2812,2,"Banner,Devonte"
2813,2,"Hall,Charlie"
2814,2,"Gregory,Matt"
2815,1,"Luther,Ryan"
2816,3,"Jacobsen,Cory"
2817,3,"Joseph,Kaleb"
2818,2,"Lowe,Trey"
2819,3,"Majstorovic,Dusan"
2820,3,"Richard,Lance"
2821,1,"Prusator,Grant"
2822,1,"Heller,Max"
2823,3,"Mostella,Detrick"
2824,1,"Davis,Jackson"
2825,15,"Brown,Chad"
2826,2,"Chatman,Jordan"
2827,1,"Bendary,Mohamed"
2828,1,"Enoch,Steven"
2829,1,"Amilo,Nnamdi"
2830,1,"Noyes,Mike"
2831,1,"Foxen,Christian"
2832,1,"Sinn,Grant"
2833,2,"Giamoukis,Manu"
2834,2,"Burns,Deondre"
2835,1,"Scott,Frederick"
2836,12,"Karailiev,Mario"
2837,1,"Bowman,Craig"
2838,2,"Tinsley,Max"
2839,3,"Batie,Khalil"
2840,1,"Hyde,Jalen"
2841,1,"Shaw,Martin"
2842,1,"Benzan,Pat"
2843,1,"Kennedy,Thomas"
2844,1,"Fay,Jake"
2845,1,"Eads,Ethan"
2846,1,"Stepteau,Brocke"
2847,1,"Cornelissen,Jakob"
2848,2,"Risse,Matt"
2849,2,"Vick,Lagerald"
2850,1,"Manning,Evan"
2851,1,"Self,Tyler"
2852,3,"Gurley,Isiah"
2853,1,"Witherill,Austin"
2854,1,"Jones,Quan"
2855,1,"Washington Jr.,Mike"
2856,1,"Pratt,Anthony"
2857,2,"Kilgore,Jacob"
2858,2,"Frost,Ahmad"
2859,1,"Spurlock,Stephen"
2860,2,"Anzmann,Trevor"
2861,1,"Auslander,Kent"
2862,2,"Waddell,Devin"
2863,1,"Leek,Aleer"
2864,6,"Friedman,Ted"
2865,1,"Austin,Aarias"
2866,3,"Driscoll,Chase"
2867,1,"Mankin,Austin"
2868,4,"Ugbaja,Jiday"
2869,4,"Jackson,Trevis"
2870,1,"McHugh,Taylor"
2871,1,"Haygood,Devin"
2872,1,"Strollo,Ryan"
2873,3,"Thompson,P.J."
2874,2,"Taylor,Jacquil"
2875,2,"LaRose,Kinnon"
2876,3,"Austin,Demontrez"
2877,4,"Gueye,DouDou"
2878,2,"Rennie,Matt"
2879,1,"Harrison,Cole"
2880,3,"Mack,Tevin"
2881,1,"Cumberland,Jaevin"
2882,20,"Iruafemi,Fred"
2883,5,"Vereen,Austin"
2884,2,"Knight,Joe"
2885,1,"Bruster,De'Angelo"
2886,1,"Eastman,Austin"
2887,1,"Connor,Jake"
2888,1,"Montgomery,Austin"
2889,1,"Simon,John Robert"
2890,2,"Davidson,Nick"
2891,8,"Gibson,Ty"
2892,2,"Seelye,Ryan"
2893,2,"Brown,Chris"
2894,1,"Newton,Jahnu"
2895,3,"Boese,Brett"
2896,2,"Young,Zach"
2897,2,"Anthony,Rashed"
2898,2,"Simon,Justin"
2899,2,"Shaw,Braiden"
2900,2,"Pappas,Cameron"
2901,5,"Sause,Chris"
2902,1,"Tankelewicz,Justin"
2903,2,"Law,Aaron"
2904,1,"Trapps,Ron"
2905,3,"Van Ry,Toby"
2906,2,"Reid,Kyle"
2907,5,"Burgess,Lloyd"
2908,1,"James,K.J."
2909,1,"Gooding,Dexter"
2910,1,"Taylor,Quentin"
2911,1,"Paige,Laquarious"
2912,2,"Kennedy,Thomas"
2913,3,"Murinda,Mufaro"
2914,3,"Matthews,Tommy"
2915,2,"Fleming,Michael"
2916,1,"Ngwudo,Ikemefuna"
2917,1,"Rennie,Matt"
2918,2,"Adlesh,Quinton"
2919,2,"Dwyer,Dan"
2920,2,"Speller,Patrick"
2921,1,"Ham,Donovan"
2922,1,"Wehrli,Bobby"
2923,2,"Green,Tyrell"
2924,1,"Mammel,Scott"
2925,2,"McHugh,Taylor"
2926,3,"Wallace,Vincent"
2927,6,"Brantley,Jaylen"
2928,1,"Ram,Varun"
2929,1,"Cassell Jr.,Sam"
2930,5,"Feidanga,Glenn"
2931,1,"Worman,Sam"
2932,2,"Hayes,T.K."
2933,2,"Langan,Gene"
2934,4,"Iduwe,Osahen"
2935,4,"Ivory,Josh"
2936,1,"Hodskins,Zach"
2937,2,"Vasquez,Chris"
2938,1,"Moroney,Matthew"
2939,1,"Huizing,Ernest"
2940,3,"Mitchell,Kameron"
2941,2,"Burgett,Austin"
2942,3,"Leonard,Brendan"
2943,7,"Russell,Colin"
2944,1,"VanBeck,Wes"
2945,5,"Grier,Omari"
2946,2,"Brennan,Alec"
2947,3,"Clover,Chris"
2948,1,"Dickerson,Zach"
2949,1,"Mayot,Duol"
2950,2,"Mayleben,Garrett"
2951,1,"Akintobi-Adeyeye,Doyin"
2952,2,"McBride,D'Angelo"
2953,2,"Collie,Daniel"
2954,4,"Stainbrook,Tim"
2955,1,"Williams,Bobby"
2956,4,"Mahaffey,D'Andre"
2957,3,"France III,Tedaro"
2958,2,"Peebles-Jennings,Justin"
2959,2,"Carter,Simeon"
2960,1,"Ernst,Brady"
2961,3,"Laidig,Jeff"
2962,1,"Heller,Max"
2963,1,"Pearson,Ryan"
2964,1,"Rinaldi,John"
2965,5,"Cumberland,Jaevin"
2966,7,"Jenkins,Janeil"
2967,2,"Eifert,Grady"
2968,2,"Toyra,Stephen"
2969,3,"Ingram,Patrick"
2970,3,"Gavrilovic,Strahinja"
2971,1,"Dhillon,Samer"
2972,2,"Perpiglia,Steve"
2973,2,"Evans,Jacob"
2974,1,"Tanner,Caleb"
2975,2,"Trapps,Ron"
2976,3,"Miller,Tory"
2977,2,"Risse,Matt"
2978,1,"Akilo,Samson"
2979,1,"Pillari,Daniel"
2980,1,"Reigel,Rusty"
2981,2,"Coleman,Justin"
2982,7,"Galloway,Jonathan"
2983,2,"Wormley,Kenny"
2984,3,"Alex,Jabari"
2985,1,"Chibuogwu,Emmanuel"
2986,1,"Harris,Tyler"
2987,1,"Lawson,Shazier"
2988,1,"O'Field,Maurice"
2989,1,"Witherill,Austin"
2990,4,"Cohen,Danny"
2991,2,"Jiles,Matthew"
2992,3,"Wells,Nate"
2993,2,"Anchrum,Hakeem"
2994,3,"Davis,Raasean"
2995,1,"Sloan,Derek"
2996,3,"Miller,Imani"
2997,5,"Mischler,Robert"
2998,1,"Eaglin,Xavier"
2999,1,"Bayless,Joseph"
3000,2,"Smith,Guilien"
3001,2,"Miller,Sam"
3002,2,"Molinari,David"
3003,1,"Pino,Christian"
3004,1,"Pagliuca,Nick"
3005,1,"Pritchett,Najee"
3006,2,"Spicer,Johnathan"
3007,1,"Davis III,George"
3008,2,"Sanchez,Thomas"
3009,1,"Donahue,Jackson"
3010,1,"Hamilton,Tyler"
3011,3,"Joseph,Kaleb"
3012,2,"Alberts,Bryan"
3013,3,"Deloach,Jesse"
3014,2,"Parks,Deriece"
3015,6,"Sullivan,Lewis"
3016,1,"Love,Lionel"
3017,1,"Thompson,Javaka"
3018,1,"Noble,Wes"
3019,1,"Priller,Tim"
3020,1,"Taylor,Quentin"
3021,2,"Soukup,Steven"
3022,1,"Harris,Karl"
3023,1,"Majstorovic,Dusan"
3024,1,"Nzeakor,Josh"
3025,3,"Jones,Quan"
3026,2,"Campo,Jose"
3027,1,"Shropshire,Questin"
3028,1,"Burge,Al"
3029,1,"Henderson,Jay"
3030,4,"Marotta,Cam"
3031,4,"Mache,Michael"
3032,4,"Moore,Tyre"
3033,2,"Blakley,Cameron"
3034,1,"Manning,Chris"
3035,1,"Brown,Harris"
3036,3,"Tripp,Isaiah"
3037,1,"Eckholdt,Chase"
3038,1,"Drummond,Jacob"
3039,6,"Mlachnik,DJ"
3040,1,"Hill,Keon"
3041,4,"Bremers,Arturs"
3042,1,"Whitaker,James"
3043,1,"Stradnieks,Rudy"
3044,2,"Mahaffey,D'Andre"
3045,1,"Weethee,Will"
3046,4,"Rakocevic,Gligorije"
3047,2,"Nobles,Jordan"
3048,3,"Dadika,Jake"
3049,2,"Taylor II,Ty"
3050,1,"Bush,Zach"
3051,2,"Hines,Aaron"
3052,4,"Powell,Ja'Mill"
3053,2,"Taylor,Doug"
3054,2,"Harries,Nathan"
3055,1,"Austin,Courtney"
3056,1,"Romine,Christian"
3057,2,"Harris,Darian"
3058,1,"Ezechinonso,Emmanuel"
3059,1,"Eastman,Austin"
3060,2,"Davis,Paris"
3061,1,"Glover,Jamison"
3062,1,"Rowley,Paul"
3063,1,"Kirven,Caid"
3064,1,"Jones,Jeff"
3065,1,"Bartley,Justice"
3066,4,"Johnson,Larry"
3067,2,"Blake,Kellen"
3068,5,"Duncan,Everett"
3069,3,"Lodge,Markell"
3070,3,"Luther,Collin"
3071,2,"Ogbeide,Derek"
3072,2,"Daugherty,Kyle"
3073,1,"Wallace,Daniel"
3074,2,"Terrell,Andrew"
3075,7,"Grennan,Sean"
3076,2,"Hutton,Ayron"
3077,1,"Davis,Karonn"
3078,1,"Porter,Franklin"
3079,2,"Merrill,Jimmy"
3080,2,"Rowe,Tim"
3081,1,"Dotson,Andrew"
3082,1,"Robinson,Edward"
3083,2,"Saucer,Jackie"
3084,1,"Gavrilovic,Strahinja"
3085,2,"Smith,DaJuan"
3086,3,"Moye,Anson"
3087,4,"Majerle,Ryan"
3088,2,"Alex,Jabari"
3089,3,"Langura,Dusan"
3090,2,"Hood,Enoch"
3091,1,"Hiepler,Ryan"
3092,2,"Eaglin,Todd"
3093,1,"Gross,Jacob"
3094,3,"Laidig,Jeff"
3095,1,"Ljuboja,Miki"
3096,7,"Etherington,Austin"
3097,2,"Davis,Lyles"
3098,4,"Waddell,Devin"
3099,1,"Lucero,Kain"
3100,3,"Stalzer,Eli"
3101,2,"Lombard,Mitch"
3102,1,"Foxen,Christian"
3103,5,"McDonnell,Brandon"
3104,1,"Burton,Ryan"
3105,4,"Smith,Nych"
3106,3,"Soffer,Dalton"
3107,6,"Filipovich,Niko"
3108,2,"Enos,Dyrbe"
3109,2,"Posey,Ravonn"
3110,5,"Taylor,Kenneth"
3111,2,"Burnett,Josh"
3112,1,"Harris,Karl"
3113,1,"Gamble,Karl"
3114,1,"Mbachu,Victor"
3115,2,"Burgess,Lloyd"
3116,2,"Brewington,Chase"
3117,3,"Baker,Isaiah"
3118,1,"Kennedy,Thomas"
3119,1,"Robertson,Jacquan"
3120,1,"Williams,J.R."
3121,1,"Williams,Josh"
3122,3,"Floresca,Alex"
3123,3,"Hinton,Brandon"
3124,4,"McClanahan,Dexter"
3125,2,"Mannie,Bobby"
3126,2,"Lloyd,Sean"
3127,2,"Leek,Deng"
3128,1,"Dry,Dalton"
3129,2,"Ringholt,James"
3130,2,"Lopez,Jesse"
3131,1,"Ham,Donovan"
3132,1,"Davis,Mike"
3133,2,"Mbodj,Lamine"
3134,2,"Hartsock,Jakob"
3135,3,"Robinson Jr.,Patrick"
3136,6,"Masic,Mateja"
3137,1,"Rinaldi,John"
3138,3,"Williams,Matt"
3139,3,"Savon,Amir"
3140,1,"Macheledt,Marshall"
3141,1,"Snyder,Zach"
3142,1,"Robbins,Peyton"
3143,1,"Victor,Jhonny"
3144,1,"Hill,Matt"
3145,1,"Ashton,Jordan"
3146,2,"Sheppard,Branden"
3147,1,"Walker,Luke"
3148,2,"Wallingford,Caleb"
3149,1,"London,Malik"
3150,4,"McCullough,Tyler"
3151,1,"Manning,Chris"
3152,2,"Nelson,Marquis"
3153,1,"Ram,Varun"
3154,1,"Wilson,D.J."
3155,1,"Bowling,Brett"
3156,1,"Crabtree,Drew"
3157,1,"Taylor,Doug"
3158,4,"Williams,Kam"
3159,1,"Wilson,Damon"
3160,3,"Clover,Chris"
3161,1,"Ferris,Will"
3162,4,"Ibert,Mason"
3163,1,"Cleare,Shaquille"
3164,3,"Neumann,Sam"
3165,2,"Hamilton,Johnny"
3166,1,"Lowe,Ryan"
3167,1,"Davis,Adam"
3168,1,"Bennett,Dylan"
3169,1,"Collie,Daniel"
3170,3,"Harvey,James"
3171,1,"Horn,Robert"
3172,2,"Wimberly,Brandon"
3173,9,"Barnes,Trevond"
3174,3,"Edwards,Bryan"
3175,4,"Burton,Ryan"
3176,2,"Priller,Tim"
3177,2,"Taylor,Quentin"
3178,1,"Ndiaye,Daouda"
3179,2,"Mulder,Mychal"
3180,1,"Hudson,Ty"
3181,1,"Johnson,Edward"
3182,1,"Driscoll,Chase"
3183,1,"Gross,Jacob"
3184,4,"Young,Aaron"
3185,2,"Tanner,Caleb"
3186,12,"Morrissey,Jack"
3187,1,"Terrell,Hudson"
3188,3,"Simon,Justin"
3189,2,"Rennie,Matt"
3190,2,"Smith,Guilien"
3191,1,"Dickinson,Wesley"
3192,2,"Stainbrook,Tim"
3193,1,"Coker,Kevin"
3194,2,"Henderson,Bear"
3195,1,"Ray,Shawn"
3196,4,"Brown,Harris"
3197,4,"Mahoney,Dolan"
3198,1,"Fong,Zach"
3199,1,"Evans,Auston"
3200,2,"Conroy,Riley"
3201,1,"Robinson,Tyler"
3202,2,"Holder,J.R."
3203,2,"Austin,Brandon"
3204,2,"Torres,Austin"
3205,2,"Temkin,Rory"
3206,1,"Cox,Stefan"
3207,1,"Perpiglia,Steve"
3208,3,"Nistler,Werner"
3209,1,"Locke,Sean"
3210,1,"Moorer,Tyrone"
3211,2,"Smith,Jerrold"
3212,2,"McTier,Jackson"
3213,3,"Rinaldi,John"
3214,1,"Coddington,Jake"
3215,2,"Heilman,Taylor"
3216,2,"Diallo,Aboubacar"
3217,3,"Ferris,Will"
3218,2,"Stacey,Trey"
3219,3,"Tate,Myles"
3220,5,"McHugh,Taylor"
3221,2,"Jones,Jalen"
3222,2,"Pauga,Austin"
3223,2,"Mpawe,Paulin"
3224,1,"Ashton,Jordan"
3225,1,"Austin,Alex"
3226,1,"Anzmann,Trevor"
3227,7,"Amiel,Francisco"
3228,1,"West,D'Angelo"
3229,4,"Garber,Zach"
3230,2,"Martinez,Javier"
3231,2,"Jobe,Jett"
3232,1,"Holmes,Carter"
3233,3,"Campbell,Quinton"
3234,3,"Ravenscraft,Jared"
3235,1,"Starr,Austin"
3236,1,"Kirby,Maurice"
3237,4,"Hobaugh,Dustin"
3238,3,"Bremers,Arturs"
3239,8,"Ishola,Brian"
3240,5,"Cohen,Danny"
3241,1,"Hall,Charlie"
3242,1,"Mannie,Bobby"
3243,2,"Livingston,Max"
3244,1,"Sugiura,Micah"
3245,2,"Toyra,Stephen"
3246,2,"Eifert,Grady"
3247,3,"Dickerson,Zach"
3248,1,"Paige,Jimmy"
3249,4,"Duncan,Bobby"
3250,1,"Kelly,Matthew"
3251,1,"Brady,Gerard"
3252,4,"Fuller,Nick"
3253,2,"Dillinger,Kyle"
3254,2,"Romine,Christian"
3255,2,"Jackson,Jordan"
3256,1,"Burston,Torey"
3257,1,"Pierre,Eudes"
3258,1,"Ritter,Justin"
3259,2,"King,Derrien"
3260,1,"Noble,Mark"
3261,1,"Anderson,Carlitos"
3262,2,"White,Jackson"
3263,3,"Pope,Davante"
3264,2,"Edwards,Drew"
3265,2,"Comanche,Chance"
3266,1,"Miller,John"
3267,1,"Edwards,Cayne"
3268,3,"Stockton,Cole"
3269,1,"Pierre,Josh"
3270,4,"Mills,Austin"
3271,3,"Turner,Corey"
3272,5,"Russell,Colin"
3273,1,"Van Ry,Toby"
3274,1,"Mahoney,Dolan"
3275,1,"Cunningham,Alvin"
3276,1,"Edwards,Lexx"
3277,1,"Hodskins,Zach"
3278,5,"Calhoun,Omar"
3279,1,"Dauda,Ismaila"
3280,1,"Odum,Karlos"
3281,2,"Ernst,Brady"
3282,5,"Atencia,Hansel"
3283,1,"Worman,Sam"
3284,11,"Loop,Austin"
3285,1,"Ahrens,Kyle"
3286,1,"Fuller,Nick"
3287,1,"Abdullah,Hasan"
3288,3,"Smith,TyQuayion"
3289,4,"Marshall,Nick"
3290,1,"Burton,Joe"
3291,4,"Myers,Teyvon"
3292,1,"Perez,Ben"
3293,2,"Gregory,Jamall"
3294,1,"David,Jonny"
3295,5,"Zeigler,Bo"
3296,1,"Bodway,Jake"
3297,2,"Romine,Christian"
3298,1,"Bost,Drew"
3299,1,"Roland,Jordan"
3300,4,"Albrecht,Spike"
3301,7,"Cleare,Shaquille"
3302,4,"Joseph,Kaleb"
3303,7,"McTier,Jackson"
3304,1,"Saprykinas,Haroldas"
3305,3,"Zilli,Giacomo"
3306,1,"Burns,Deondre"
3307,1,"Moorman,Evan"
3308,23,"Manning,Chris"
3309,2,"Hicks,Darryl"
3310,4,"Hamilton,Eric"
3311,1,"Nolan,Phillip"
3312,3,"Schaffer,Lawson"
3313,1,"Clark,Christian"
3314,1,"Avery,Travis"
3315,1,"Studer,Dan"
3316,4,"Walker,Dantley"
3317,1,"Newton,Qwandell"
3318,2,"Nakken,Erik"
3319,3,"Walker III,Louis"
3320,1,"Hodskins,Zach"
3321,2,"Brown Bull,Nate"
3322,2,"Henderson,Josh"
3323,1,"Jabbie,Ishmail"
3324,4,"Albrecht,Spike"
3325,4,"Session,Jordan"
3326,1,"Brown,Jalen"
3327,1,"Escobar,J.T."
3328,3,"Williams,Juwan"
3329,6,"Holloway,Khari"
3330,2,"Miller,Trey"
3331,1,"White-Pittman,Greg"
3332,3,"Butler,Jacob"
3333,2,"Kellog,Tanner"
3334,1,"Bronson,Spencer"
3335,1,"Murray,Andrew"
3336,1,"Gibson,Jonathan"
3337,3,"Eaglin,Xavier"
3338,2,"Murphy,Billy"
3339,2,"Berbari,Elias"
3340,2,"Anzmann,Trevor"
3341,7,"Hudson,Ty"
3342,11,"Goode,Justin"
3343,1,"Batie,Khalil"
3344,3,"Blackmon,Jarriesse"
3345,2,"Boyce III,Ronnie"
3346,2,"Maucere,Giovanni"
3347,2,"Davis,Jay Jay"
3348,2,"Bartley,Justice"
3349,1,"Triano,Dustin"
3350,2,"Maas,Ryan"
3351,2,"Hughes,Jordan"
3352,2,"Glover,Jamison"
3353,4,"Wilson,Nolan"
3354,1,"Dobbs,Charleston"
3355,2,"Hill,Jordan"
3356,1,"Moesch,Aaron"
3357,3,"Barnes,Bray"
3358,1,"Naughton,Jordan"
3359,2,"Warford,Tyler"
3360,1,"Oberfeld,Ben"
3361,2,"Schurman,John"
3362,1,"Rosen,Amu"
3363,3,"Pinkard,Devonne"
3364,2,"Weir,Dougal"
3365,1,"Straughan,Jake"
3366,3,"Davis,Tyler"
3367,2,"Lester,Josh"
3368,1,"Clarke,Kyle"
3369,3,"Meredith,Scott"
3370,2,"Haines,Dylan"
3371,2,"Johnson,Brandon"
3372,2,"Chambers,Kamali"
3373,1,"Mulder,Mychal"
3374,1,"David,Jonny"
3375,1,"Richards,Noah"
3376,1,"Trueblood,Johnny"
3377,1,"Eaglin,Todd"
3378,1,"Sheppard,Branden"
3379,23,"Johnson,Phillip"
3380,3,"N'diaye,Cheikh"
3381,2,"Hood,Enoch"
3382,1,"Wiggins,C.J."
3383,1,"Robinson,Aaron"
3384,3,"Shreiner,Lyrik"
3385,1,"Odum,Karlos"
3386,1,"Blount,Osborn"
3387,1,"Dauda,Ismaila"
3388,1,"Poole,Freddy"
3389,8,"Pierre-Louis,Thomas"
3390,2,"Cuadra,Jon Ander"
3391,3,"Kasongo,Ray"
3392,1,"Schulte,Dylan"
3393,1,"Smith,Jaylin"
3394,1,"Bradley,Tyler"
3395,1,"Taylor,Kenneth"
3396,3,"Stewart,Jaylin"
3397,1,"Ikuenobe,Christopher"
3398,2,"Manning,Evan"
3399,2,"Allen,Noah"
3400,1,"Wulff,Alec"
3401,1,"Smith,Jerrold"
3402,2,"Watkins,Nathan"
3403,1,"McGregor,Gilbert"
3404,1,"Simpson,Kenny"
3405,1,"Walker,Devyn"
3406,4,"Mills,Austin"
3407,1,"Lopez,Jesse"
3408,2,"Hamilton,Nick"
3409,1,"Kerr,Nick"
3410,2,"Redman,Corey"
3411,1,"Turcotte,Zach"
3412,3,"Hicks,Izais"
3413,3,"Fejokwu,Lawrence"
3414,2,"Taylor,Doug"
3415,6,"Savon,Amir"
3416,1,"Walker,Andre"
3417,1,"Jones,Jalen"
3418,4,"Moore,Doral"
3419,1,"Morgan,Juwan"
3420,1,"Matthews,ZaQwaun"
3421,1,"White,Jackson"
3422,1,"Bran,Alex"
3423,1,"Ernst,Brady"
3424,3,"Majstorovic,Dusan"
3425,4,"Brown,Blake"
3426,1,"Prahl,Alex"
3427,1,"Maye,Luke"
3428,1,"Garcia,Justin"
3429,1,"Lee,Austin"
3430,1,"Ndiaye,Omar"
3431,7,"English,Andrew"
3432,6,"Davis,Jamaal"
3433,1,"Schaper,Chad"
3434,1,"Haus,David"
3435,1,"Edwards,Drew"
3436,2,"Stewart,Marlon"
3437,2,"Dadika,Jake"
3438,2,"Aja,Kanu"
3439,1,"Federico,Niksha"
3440,12,"Shaughnessy,Jack"
3441,6,"Brown,Kajon"
3442,2,"McKie,Justin"
3443,2,"Dhillon,Samer"
3444,3,"Juricek,Viktor"
3445,1,"Allen,Noah"
3446,2,"McGloin,Phillip"
3447,12,"Waters,Anton"
3448,3,"London,Makinde"
3449,2,"James,Dezmond"
3450,2,"Van,Jacob"
3451,2,"Cambre,Cody"
3452,1,"Pritchett,Najee"
3453,1,"Gehan,Gordon"
3454,2,"Hanley,Peter"
3455,1,"Brady,Brett"
3456,2,"Davis,Jay Jay"
3457,2,"Belton,Isaac"
3458,5,"Babb-Harrison,Jaylen"
3459,1,"Hobaugh,Dustin"
3460,4,"Alexander,Kalen"
3461,3,"Variste,Jalen"
3462,1,"Kreklow,Ryan"
3463,5,"Ivory,Tre'"
3464,4,"Evans,Jamal"
3465,1,"Sorkin,Roman"
3466,4,"Seutin,Alex"
3467,1,"Biebel,Jack"
3468,2,"Anthony,Rashed"
3469,2,"Walker,Andre"
3470,3,"Reynolds,Blake"
3471,1,"Barefield,Sedrick"
3472,3,"Bain,Nathan"
3473,1,"Kasongo,Ray"
3474,3,"Williams,Jonathan"
3475,3,"Porcena,Jahrel"
3476,1,"Colvin,Justin"
3477,3,"Pocyntyluk,Robert"
3478,2,"Burge,Al"
3479,2,"Belton,Isaac"
3480,2,"McHugh,Taylor"
3481,2,"John,Trevor"
3482,1,"Abrams,Aleks"
3483,2,"Bayless,Joseph"
3484,1,"Eaglin,Xavier"
3485,2,"Muhammad,Taqqi"
3486,7,"Watkins Jr.,Donald"
3487,1,"Hayes,T.K."
3488,1,"Langan,Gene"
3489,1,"Amilo,Nnamdi"
3490,1,"Noyes,Mike"
3491,2,"Reigel,Rusty"
3492,3,"Wehrli,Bobby"
3493,1,"Williams,Bobby"
3494,2,"Benzon,Christian"
3495,3,"Douglas,Michael"
3496,3,"Schroback,Mike"
3497,3,"McManimon,Liam"
3498,3,"Manning,Chris"
3499,2,"Walker,Luke"
3500,2,"Hooker,Ivan"
3501,3,"Harris,Darian"
3502,6,"Hiepler,Ryan"
3503,1,"Kamga,Brandon"
3504,1,"Henderson,Jay"
3505,2,"Wyman,Matt"
3506,1,"Nickol,Kyle"
3507,3,"Savon,Amir"
3508,2,"Evans,Auston"
3509,1,"McMillon,James"
3510,1,"Callahan,Seth"
3511,1,"McKnight,Derek"
3512,2,"Frayer,Sam"
3513,2,"Peebles-Jennings,Justin"
3514,6,"Kadiri,David"
3515,1,"Rakicevic,Nikola"
3516,1,"Fox,Matt"
3517,1,"Burgos,Gabe"
3518,1,"Vogel,Brock"
3519,1,"Matias,Malachi"
3520,6,"Garnett,Jordan"
3521,1,"Plunkett,Shane"
3522,1,"Wolford,Andre"
3523,1,"Eagleton,Austin"
3524,2,"Weiher,Austin"
3525,2,"Mannie,Bobby"
3526,3,"Jankovic,Kosta"
3527,2,"Clarke,Kyle"
3528,2,"Tapp,Tanner"
3529,3,"Sylvester,DJ"
3530,1,"Gavrilovic,Strahinja"
3531,2,"Davis,Paris"
3532,1,"Griffin,LaDarien"
3533,1,"Malveau,K.J."
3534,5,"Hudson,Jalen"
3535,1,"Simmons,Shawn"
3536,1,"Jones,Dylan"
3537,2,"Mitchell,Kameron"
3538,1,"Washington,Jabbar"
3539,1,"McRae,Aubrey"
3540,1,"Hanley,Peter"
3541,1,"Davis,Lavonne"
3542,3,"Barnes,Bray"
3543,2,"Lombard,Mitch"
3544,7,"Zemgulis,Deividas"
3545,2,"Kobani,Mike"
3546,2,"Hayden,Gregory"
3547,1,"McRoy,Curtis"
3548,1,"Lochner,Curtis"
3549,1,"Locke,Sean"
3550,2,"Terpin,Daniel"
3551,1,"Adeyeye,Josh"
3552,4,"Morgan,Devontae"
3553,2,"Power,Logan"
3554,1,"Schoen,Mason"
3555,1,"Ives,Kealen"
3556,1,"Ram,Varun"
3557,3,"London,Makinde"
3558,2,"Johnson,Larry"
3559,4,"Kelley,Caleb"
3560,1,"Adlesh,Quinton"
3561,3,"Cherry,Novian"
3562,1,"Robinson Jr.,Patrick"
3563,1,"Cooper,Devin"
3564,2,"Phillips,Develle"
3565,2,"Barry,Oumar"
3566,1,"Molinari,David"
3567,1,"Dolins,Cory"
3568,1,"Gregory,Jamall"
3569,2,"Detlev,Nick"
3570,1,"Stowell,Chris"
3571,2,"Smith,Darnell"
3572,2,"Hinton,Brandon"
3573,4,"Moye,Anson"
3574,1,"Franks,Robert"
3575,3,"Romeo,Richard"
3576,1,"Clark,Dylan"
3577,1,"Dosier,Robby"
3578,1,"Stewart,Jaylin"
3579,1,"Anderson II,Tony"
3580,4,"Gehan,Gordon"
3581,4,"Davis,Terence"
3582,4,"Cybulski,Clinton"
3583,4,"Uwadiae,Henry"
3584,1,"Smith,TyQuayion"
3585,8,"Majerle,Ryan"
3586,1,"Baker,Isaiah"
3587,3,"Krampelj,Martin"
3588,3,"Glover,John Ross"
3589,1,"Frias,Raul"
3590,2,"Ukah,Okey"
3591,1,"Scott,Dante"
3592,4,"Fishler,Andrew"
3593,4,"Fuller,Nick"
3594,3,"Young,Zach"
3595,2,"Pollard,Nate"
3596,5,"Carter,Myles"
3597,2,"Anthony,Rashed"
3598,2,"Swan,Anthony"
3599,2,"Barefield,Sedrick"
3600,3,"Alexander,Kyle"
3601,3,"Dobbins,Kyle"
3602,2,"Distefano,T.J."
3603,3,"Miller,Brandon"
3604,3,"Toye,Joe"
3605,4,"McFadden,Jerry"
3606,2,"Jankovic,Kosta"
3607,2,"Kouassi,Willy"
3608,2,"Marcus,Ben"
3609,2,"Poulter,Andrew"
3610,2,"Corcoran,Mike"
3611,1,"Miles,Alex"
3612,2,"Ramirez,Dylan"
3613,1,"Hunt,Gentry"
3614,1,"Fejokwu,Lawrence"
3615,1,"Lunsford,Jacob"
3616,2,"Henderson,Bear"
3617,2,"Eberhardt,Sheldon"
3618,1,"Ryan,Patrick"
3619,1,"George,Jack"
3620,1,"Brewer,Wes"
3621,4,"Rollo,Travis"
3622,2,"Miller,Malik"
3623,1,"Wilson,Nolan"
3624,1,"Gorski,Nick"
3625,1,"Grace,Ben"
3626,1,"Jabbie,Ishmail"
3627,2,"Johnson,Matthew"
3628,2,"Kennedy,Cal"
3629,1,"Nesbitt,Michael"
3630,1,"Cumber,Adam"
3631,1,"Frazier,Savonte"
3632,2,"Sullivan,Chris"
3633,1,"Martin,Aram"
3634,1,"Perez,Bobby"
3635,1,"Jent,Jimmy"
3636,1,"Korkowski,Zach"
3637,3,"Williams,Kenny"
3638,1,"Egbuna,Toby"
3639,2,"Gillis,Ethan"
3640,2,"Whipp,Connor"
3641,1,"James,Deion"
3642,2,"Hubler,John"
3643,1,"Brickhouse,Chris"
3644,1,"Corchiani Jr,Chris"
3645,3,"Eliason,Spencer"
3646,2,"Miller,Dylan"
3647,4,"Odum,Karlos"
3648,1,"Driscoll,Chase"
3649,2,"Degnan,Kevin"
3650,4,"Bailey,Jaleel"
3651,5,"Edwards,Drew"
3652,2,"Johnson,Phillip"
3653,1,"Tanner,Caleb"
3654,1,"Booth,Mike"
3655,1,"Thompson,Kyle"
3656,1,"Robbins,Christian"
3657,2,"Chandler,Michael"
3658,2,"Ba,Ousmane"
3659,6,"O'Brien,Grant"
3660,1,"John Jr.,Fred"
3661,1,"White,Chandler"
3662,2,"Haygood,Devin"
3663,1,"Strollo,Ryan"
3664,1,"Callaway,Aaron"
3665,2,"O'Boyle,Matt"
3666,1,"Geyen,Darryl"
3667,2,"Meriwether,Gus"
3668,1,"Hines,Bryan"
3669,1,"Romich,Drew"
3670,6,"Nader,Kyle"
3671,1,"Williams,Nick"
3672,1,"Sloan,Derek"
3673,2,"Watkins,David"
3674,1,"Uwadiae,Henry"
3675,2,"Lovett,Quinton"
3676,3,"Durham,Anthony"
3677,1,"Williams,Riyan"
3678,1,"Brantley,Jaylen"
3679,1,"Oddo,Brian"
3680,4,"Ellis III,Alvin"
3681,1,"Ahrens,Kyle"
3682,1,"Mofford,Jelani"
3683,1,"Holmes,Nolan"
3684,1,"Hardy,Preston"
3685,2,"Seward,Miles"
3686,1,"Williams,C.J."
3687,1,"Rongstad,Derek"
3688,1,"Prahl,Alex"
3689,1,"Burgett,Austin"
3690,1,"Torres,Austin"
3691,1,"Geben,Martinas"
3692,2,"Lowe,Carlton"
3693,1,"Westrop,Saren"
3694,1,"Nwokeabia,Benjamin"
3695,1,"Stangel,Justin"
3696,1,"Dahlen,Matt"
3697,1,"Lecak,Mike"
3698,1,"Seelye,Ryan"
3699,10,"Thompson,Christion"
3700,2,"Taylor,Kenneth"
3701,1,"Sullivan,Will"
3702,2,"Rafferty,Kevin"
3703,1,"Claar,James"
3704,5,"Floresca,Alex"
3705,1,"Summy,Hunter"
3706,3,"Hughey,Roderick"
3707,2,"Hobaugh,Dustin"
3708,2,"Smith,Jordan"
3709,1,"Schlundt,T.J."
3710,3,"Hanley,Peter"
3711,5,"Laidig,Jeff"
3712,2,"Lester,Josh"
3713,3,"Norman,Luke"
3714,1,"Kuligoski,Joe"
3715,6,"Ennema,Dallas"
3716,2,"Benzan,Pat"
3717,1,"Walters,Sam"
3718,1,"Kerr,Nick"
3719,2,"Jiles,Matthew"
3720,4,"Owona,Mike"
3721,2,"Edwards,Lexx"
3722,1,"Udumalagala,Praneeth"
3723,1,"Mahoney,Dolan"
3724,1,"Greene Jr.,Brian"
3725,3,"Jacque,Evens"
3726,1,"Cimino,Matt"
3727,3,"Rodriguez,Kaileb"
3728,4,"Okunpolor,Derrick"
3729,2,"Sisco,Tristan"
3730,6,"Levy,Seth"
3731,1,"Dixon,Delundre"
3732,1,"Hall,Keiton"
3733,1,"Hartsock,Jakob"
3734,7,"Gould,Zach"
3735,1,"Shortess,Henry"
3736,1,"Eddlestone,Brandon"
3737,5,"Provo,Nevell"
3738,1,"Brown,Lawrence"
3739,1,"Sabato,Tony"
3740,1,"Hershberger,Sam"
3741,1,"George,Jack"
3742,2,"Hemphill,James"
3743,1,"McAllister,Marius"
3744,2,"Hood,Jonathan"
3745,2,"Webb,Zac"
3746,2,"Osu,Stephen"
3747,1,"Adams,Will"
3748,2,"Akilo,Samson"
3749,1,"Camus,Jason"
3750,2,"Chaffee,Stokley"
3751,8,"Vance,Tre"
3752,1,"Holliman,Jarrell"
3753,3,"Jenkins,Chris"
3754,1,"Sarr,Pierre"
3755,1,"Pillari,Daniel"
3756,4,"Gavrilovic,Strahinja"
3757,4,"Stenhede,Jakob"
3758,2,"Richardson,Kreston"
3759,4,"Gillespie,Antonio"
3760,1,"Thomas,Alex"
3761,2,"McGlynn,Nick"
3762,2,"Watkins,Nathan"
3763,2,"Burston,Torey"
3764,2,"Lukic,Ivan"
3765,1,"Anderson,Eric"
3766,1,"Jackson,Rashad"
3767,3,"Ray,Shawn"
3768,2,"Massie,Kyle"
3769,3,"Young,Zach"
3770,2,"Judd,Malique"
3771,12,"Barber,DeAndre"
3772,1,"Gooding,Dexter"
3773,1,"Whitehead,Jordan"
3774,2,"Miller,Dylan"
3775,2,"Akintola,Abiola"
3776,3,"Spurlock,Stephen"
3777,2,"Coleman,Maurice"
3778,1,"Lyon,Chandler"
3779,1,"Zajicek,Simon"
3780,3,"Eriobuna,Ikem"
3781,1,"Leone,Andrew"
3782,1,"Kirkland Jr.,Mike"
3783,1,"Brickhouse,Chris"
3784,1,"Zelis,Andrew"
3785,3,"Bell,David"
3786,1,"McManus,Collin"
3787,1,"Dwyer,Dan"
3788,1,"Hamilton,Tyler"
3789,7,"Romich,Drew"
3790,2,"Baumann,Javon"
3791,1,"Casper,Brendan"
3792,1,"Weir,Dougal"
3793,1,"Wilkerson,TreVaughn"
3794,1,"Bishop,Jermaine"
3795,2,"Leek,Deng"
3796,2,"Mannie,Bobby"
3797,4,"Proulx,Ian"
3798,3,"Seutin,Alex"
3799,2,"John,Trevor"
3800,4,"Westrop,Saren"
3801,4,"Davidson,Nick"
3802,2,"Gottfried,Cameron"
3803,1,"Paige,Jimmy"
3804,2,"Smith,Jordan"
3805,1,"Bax,Jackson"
3806,5,"Davis,LaMarcus"
3807,1,"Gehan,Gordon"
3808,3,"Geyen,Darryl"
3809,2,"Meadows,Jack"
3810,2,"Mabalon,Trevor"
3811,1,"Toe,Terrill"
3812,1,"Pagliuca,Nick"
3813,2,"David,Jonny"
3814,4,"McCleary,D"
3815,2,"Sall,Jacob"
3816,2,"McDowell,Jake"
3817,3,"Saito,Tolby"
3818,1,"Collins,Garrett"
3819,1,"Adams,Michael"
3820,6,"Greene Jr.,Brian"
3821,2,"Gollon,James"
3822,1,"Council II,Ricky"
3823,1,"Planek,Tom"
3824,1,"Ndumanya,Emmanuel"
3825,1,"Banner,Devonte"
3826,2,"Barefield,Sedrick"
3827,2,"Wilfong,Jonathan"
3828,1,"Canty,Ryan"
3829,1,"Wood,Nick"
3830,1,"Tyson,Mikel"
3831,1,"Barbosa,Italo"
3832,1,"Sanford,Dylan"
3833,5,"Poole,Freddy"
